,id_x,pred,ratingDiff
0,S_507_509,0.16633753081656188,-280.0
1,S_507_511,4.4157122403021276e-11,-4142.0
2,S_509_511,2.2130941523812453e-10,-3862.0
3,S_507_512,0.08183182475515194,-420.0
4,S_509_512,0.308763847585237,-140.0
5,S_511_512,0.9999999995045498,3722.0
6,S_507_521,0.001146836876583679,-1176.0
7,S_509_521,0.005721475717090363,-896.0
8,S_511_521,0.9999999615408233,2966.0
9,S_512_521,0.01271864759629071,-756.0
10,S_507_536,0.13411041754495612,-324.0
11,S_509_536,0.4370152718964042,-44.0
12,S_511_536,0.9999999997148982,3818.0
13,S_512_536,0.6347433350523168,96.0
14,S_521_536,0.992641447291828,852.0
15,S_507_538,0.023691207712817852,-646.0
16,S_509_538,0.10843133312663344,-366.0
17,S_511_538,0.9999999981802992,3496.0
18,S_512_538,0.2140033977178425,-226.0
19,S_521_538,0.9548224553181525,530.0
20,S_536_538,0.13545299458869553,-322.0
21,S_507_549,1.2735014591758187e-06,-2358.0
22,S_509_549,6.382594124221264e-06,-2078.0
23,S_511_549,0.9999653275171775,1784.0
24,S_512_549,1.4288735414202947e-05,-1938.0
25,S_521_549,0.0011079459095627575,-1182.0
26,S_536_549,8.222358891751824e-06,-2034.0
27,S_538_549,5.247799194074698e-05,-1712.0
28,S_507_553,0.023691207712817852,-646.0
29,S_509_553,0.10843133312663344,-366.0
30,S_511_553,0.9999999981802992,3496.0
31,S_512_553,0.2140033977178425,-226.0
32,S_521_553,0.9548224553181525,530.0
33,S_536_553,0.13545299458869553,-322.0
34,S_538_553,0.5,0.0
35,S_549_553,0.9999475220080591,1712.0
36,S_507_556,0.14517082246824042,-308.0
37,S_509_556,0.4597917716762544,-28.0
38,S_511_556,0.999999999739984,3834.0
39,S_512_556,0.6558205059123949,112.0
40,S_521_556,0.993284572110764,868.0
41,S_536_556,0.5230095872975623,16.0
42,S_538_556,0.874975306998364,338.0
43,S_549_556,0.9999925011141404,2050.0
44,S_553_556,0.874975306998364,338.0
45,S_507_559,2.3714363805993344e-12,-4650.0
46,S_509_559,1.18849374786123e-11,-4370.0
47,S_511_559,0.050966136075934365,-508.0
48,S_512_559,2.660716091895665e-11,-4230.0
49,S_521_559,2.065380089177893e-09,-3474.0
50,S_536_559,1.531086368800061e-11,-4326.0
51,S_538_559,9.77238290289506e-11,-4004.0
52,S_549_559,1.862083669368353e-06,-2292.0
53,S_553_559,9.77238290289506e-11,-4004.0
54,S_556_559,1.3963719069920444e-11,-4342.0
55,S_507_562,0.31867816483360634,-132.0
56,S_509_562,0.700977398610108,148.0
57,S_511_562,0.999999999905594,4010.0
58,S_512_562,0.8399506946347535,288.0
59,S_521_562,0.9975513019253107,1044.0
60,S_536_562,0.7512407935337106,192.0
61,S_538_562,0.9506787811338805,514.0
62,S_549_562,0.999997277306105,2226.0
63,S_553_562,0.9506787811338805,514.0
64,S_556_562,0.7336337024138073,176.0
65,S_559_562,0.9999999999949301,4518.0
66,S_507_569,0.10245988587127608,-377.0
67,S_509_569,0.36392310031211816,-97.0
68,S_511_569,0.999999999613188,3765.0
69,S_512_569,0.5615679389736461,43.0
70,S_521_569,0.9900424200270771,799.0
71,S_536_569,0.42431304762357036,-53.0
72,S_538_569,0.8246953134461684,269.0
73,S_549_569,0.9999888443429366,1981.0
74,S_553_569,0.8246953134461684,269.0
75,S_556_569,0.4019862342306564,-69.0
76,S_559_569,0.999999999979227,4273.0
77,S_562_569,0.1961814805753157,-245.0
78,S_507_570,0.5,0.0
79,S_509_570,0.8336624691834381,280.0
80,S_511_570,0.999999999955843,4142.0
81,S_512_570,0.9181681752448481,420.0
82,S_521_570,0.9988531631234162,1176.0
83,S_536_570,0.8658895824550439,324.0
84,S_538_570,0.976308792287182,646.0
85,S_549_570,0.9999987264985408,2358.0
86,S_553_570,0.976308792287182,646.0
87,S_556_570,0.8548291775317596,308.0
88,S_559_570,0.9999999999976287,4650.0
89,S_562_570,0.6813218351663937,132.0
90,S_569_570,0.8975401141287238,377.0
91,S_507_577,0.0,-8300.0
92,S_509_577,0.0,-8020.0
93,S_511_577,4.027178590604308e-11,-4158.0
94,S_512_577,0.0,-7880.0
95,S_521_577,0.0,-7124.0
96,S_536_577,0.0,-7976.0
97,S_538_577,0.0,-7654.0
98,S_549_577,1.3322676295501878e-15,-5942.0
99,S_553_577,0.0,-7654.0
100,S_556_577,0.0,-7992.0
101,S_559_577,7.49894146778729e-10,-3650.0
102,S_562_577,0.0,-8168.0
103,S_569_577,0.0,-7923.0
104,S_570_577,0.0,-8300.0
105,S_507_580,0.24236082513774826,-198.0
106,S_509_580,0.615864104253756,82.0
107,S_511_580,0.9999999998619615,3944.0
108,S_512_580,0.7820980161313186,222.0
109,S_521_580,0.9964236170763299,978.0
110,S_536_580,0.6737761878883222,126.0
111,S_538_580,0.9294909043747703,448.0
112,S_549_580,0.9999960189441434,2160.0
113,S_553_580,0.9294909043747703,448.0
114,S_556_580,0.6532171672188698,110.0
115,S_559_580,0.9999999999925869,4452.0
116,S_562_580,0.40614461476382213,-66.0
117,S_569_580,0.7369947605406892,179.0
118,S_570_580,0.24236082513774826,-198.0
119,S_577_580,1.0,8102.0
120,S_507_592,5.099165534261374e-11,-4117.0
121,S_509_592,2.555642364399091e-10,-3837.0
122,S_511_592,0.5359159269451024,25.0
123,S_512_592,5.7213700443981e-10,-3697.0
124,S_521_592,4.441196410631676e-08,-2941.0
125,S_536_592,3.2923042070365227e-10,-3793.0
126,S_538_592,2.1013577544692907e-09,-3471.0
127,S_549_592,4.003894365189886e-05,-1759.0
128,S_553_592,2.1013577544692907e-09,-3471.0
129,S_556_592,3.002618154113179e-10,-3809.0
130,S_559_592,0.9555615730980402,533.0
131,S_562_592,1.0901834990306725e-10,-3985.0
132,S_569_592,4.466835790140067e-10,-3740.0
133,S_570_592,5.099165534261374e-11,-4117.0
134,S_577_592,0.9999999999651261,4183.0
135,S_580_592,1.594042675634455e-10,-3919.0
136,S_507_599,0.37061145278249774,-92.0
137,S_509_599,0.7469129214289432,188.0
138,S_511_599,0.9999999999250105,4050.0
139,S_512_599,0.8685409999758518,328.0
140,S_521_599,0.998053949895529,1084.0
141,S_536_599,0.7917488375081845,232.0
142,S_538_599,0.9604212774283489,554.0
143,S_549_599,0.9999978372861537,2266.0
144,S_553_599,0.9604212774283489,554.0
145,S_556_599,0.7761545753418307,216.0
146,S_559_599,0.9999999999959728,4558.0
147,S_562_599,0.5573116337622928,40.0
148,S_569_599,0.8376154583713974,285.0
149,S_570_599,0.37061145278249774,-92.0
150,S_577_599,1.0,8208.0
151,S_580_599,0.6479830132503057,106.0
152,S_592_599,0.9999999999134036,4025.0
153,S_507_607,0.009459587500912359,-808.0
154,S_509_607,0.04567678103966233,-528.0
155,S_511_607,0.9999999953761898,3334.0
156,S_512_607,0.09678159570481926,-388.0
157,S_521_607,0.8926766600061541,368.0
158,S_536_607,0.05807841419526416,-484.0
159,S_538_607,0.2824082768084686,-162.0
160,S_549_607,0.9998666656372067,1550.0
161,S_553_607,0.2824082768084686,-162.0
162,S_556_607,0.05324021520202249,-500.0
163,S_559_607,0.9999999997516867,3842.0
164,S_562_607,0.020008851140663975,-676.0
165,S_569_607,0.07719840648438048,-431.0
166,S_570_607,0.009459587500912359,-808.0
167,S_577_607,1.0,7492.0
168,S_580_607,0.02898841119972262,-610.0
169,S_592_607,0.9999999946605073,3309.0
170,S_599_607,0.015959271890602533,-716.0
171,S_507_612,0.0739809527127363,-439.0
172,S_509_612,0.28592109741464966,-159.0
173,S_511_612,0.9999999994472866,3703.0
174,S_512_612,0.472684026993507,-19.0
175,S_521_612,0.9858321812888554,737.0
176,S_536_612,0.3402920058552519,-115.0
177,S_538_612,0.7670249181450213,207.0
178,S_549_612,0.9999840598252862,1919.0
179,S_553_612,0.7670249181450213,207.0
180,S_556_612,0.31992932426277854,-131.0
181,S_559_612,0.9999999999703175,4211.0
182,S_562_612,0.14588663805437563,-307.0
183,S_569_612,0.4117100281368372,-62.0
184,S_570_612,0.0739809527127363,-439.0
185,S_577_612,1.0,7861.0
186,S_580_612,0.1998379440848641,-241.0
187,S_592_612,0.9999999993617366,3678.0
188,S_599_612,0.1194664377525988,-347.0
189,S_607_612,0.8932269128257911,369.0
190,S_507_628,0.03662644117604685,-568.0
191,S_509_628,0.16004930536524653,-288.0
192,S_511_628,0.9999999988385514,3574.0
193,S_512_628,0.299022601389892,-148.0
194,S_521_628,0.9706857587295497,608.0
195,S_536_628,0.1970908298461841,-244.0
196,S_538_628,0.610402422094689,78.0
197,S_549_628,0.9999665045780651,1790.0
198,S_553_628,0.610402422094689,78.0
199,S_556_628,0.18292116580002582,-260.0
200,S_559_628,0.9999999999376266,4082.0
201,S_562_628,0.07517277876028838,-436.0
202,S_569_628,0.249836518171358,-191.0
203,S_570_628,0.03662644117604685,-568.0
204,S_577_628,1.0,7732.0
205,S_580_628,0.10622531982185357,-370.0
206,S_592_628,0.9999999986587801,3549.0
207,S_599_628,0.060649558509397794,-476.0
208,S_607_628,0.7992399910868982,240.0
209,S_612_628,0.32243941991489944,-129.0
210,S_507_629,0.007658805147526371,-845.0
211,S_509_629,0.03724069065642854,-565.0
212,S_511_629,0.9999999942786305,3297.0
213,S_512_629,0.0796951193276405,-425.0
214,S_521_629,0.8705002577432696,331.0
215,S_536_629,0.04746577633233684,-521.0
216,S_538_629,0.24130537985314437,-199.0
217,S_549_629,0.9998350211223892,1513.0
218,S_553_629,0.24130537985314437,-199.0
219,S_556_629,0.04347085741139389,-537.0
220,S_559_629,0.9999999996927442,3805.0
221,S_562_629,0.016232759577968214,-713.0
222,S_569_629,0.06332687531094805,-468.0
223,S_570_629,0.007658805147526371,-845.0
224,S_577_629,1.0,7455.0
225,S_580_629,0.023558425543459993,-647.0
226,S_592_629,0.9999999933930656,3272.0
227,S_599_629,0.012937332100077303,-753.0
228,S_607_629,0.4469531048305375,-37.0
229,S_612_629,0.0880946923965763,-406.0
230,S_628_629,0.16874608434795346,-277.0
231,S_507_636,0.0,-7227.0
232,S_509_636,0.0,-6947.0
233,S_511_636,1.9386526051157205e-08,-3085.0
234,S_512_636,0.0,-6807.0
235,S_521_636,6.661338147750939e-16,-6051.0
236,S_536_636,0.0,-6903.0
237,S_538_636,0.0,-6581.0
238,S_549_636,6.721290191080698e-13,-4869.0
239,S_553_636,0.0,-6581.0
240,S_556_636,0.0,-6919.0
241,S_559_636,3.609938832305204e-07,-2577.0
242,S_562_636,0.0,-7095.0
243,S_569_636,0.0,-6850.0
244,S_570_636,0.0,-7227.0
245,S_577_636,0.9979270025198161,1073.0
246,S_580_636,0.0,-7029.0
247,S_592_636,1.6788039958193224e-08,-3110.0
248,S_599_636,0.0,-7135.0
249,S_607_636,0.0,-6419.0
250,S_612_636,0.0,-6788.0
251,S_628_636,0.0,-6659.0
252,S_629_636,0.0,-6382.0
253,S_507_637,0.014741784721595041,-730.0
254,S_509_637,0.06975828735890621,-450.0
255,S_511_637,0.9999999970487908,3412.0
256,S_512_637,0.14374793990184942,-310.0
257,S_521_637,0.9287326342558505,446.0
258,S_536_637,0.0880946923965763,-406.0
259,S_538_637,0.3814158779109693,-84.0
260,S_549_637,0.9999148934399228,1628.0
261,S_553_637,0.3814158779109693,-84.0
262,S_556_637,0.0809709508054487,-422.0
263,S_559_637,0.9999999998415107,3920.0
264,S_562_637,0.03099737750381204,-598.0
265,S_569_637,0.11588064366158635,-353.0
266,S_570_637,0.014741784721595041,-730.0
267,S_577_637,1.0,7570.0
268,S_580_637,0.044683509371797214,-532.0
269,S_592_637,0.9999999965919968,3387.0
270,S_599_637,0.024780072184860447,-638.0
271,S_607_637,0.610402422094689,78.0
272,S_612_637,0.15774132752957448,-291.0
273,S_628_637,0.2824082768084686,-162.0
274,S_629_637,0.6597079941447481,115.0
275,S_636_637,0.9999999999999999,6497.0
276,S_507_640,2.220446049250313e-16,-6205.0
277,S_509_640,1.5543122344752192e-15,-5925.0
278,S_511_640,6.958201130058406e-06,-2063.0
279,S_512_640,3.552713678800501e-15,-5785.0
280,S_521_640,2.6756374893466273e-13,-5029.0
281,S_536_640,1.9984014443252818e-15,-5881.0
282,S_538_640,1.2656542480726785e-14,-5559.0
283,S_549_640,2.412681165964159e-10,-3847.0
284,S_553_640,1.2656542480726785e-14,-5559.0
285,S_556_640,1.7763568394002505e-15,-5897.0
286,S_559_640,0.00012955188388652505,-1555.0
287,S_562_640,6.661338147750939e-16,-6073.0
288,S_569_640,2.6645352591003757e-15,-5828.0
289,S_570_640,2.220446049250313e-16,-6205.0
290,S_577_640,0.9999942124136129,2095.0
291,S_580_640,8.881784197001252e-16,-6007.0
292,S_592_640,6.025559553091142e-06,-2088.0
293,S_599_640,4.440892098500626e-16,-6113.0
294,S_607_640,3.219646771412954e-14,-5397.0
295,S_612_640,3.774758283725532e-15,-5766.0
296,S_628_640,7.993605777301127e-15,-5637.0
297,S_629_640,3.9745984281580604e-14,-5360.0
298,S_636_640,0.9972216197354399,1022.0
299,S_637_640,2.042810365310288e-14,-5475.0
300,S_507_651,1.8513988675472604e-08,-3093.0
301,S_509_651,9.27897403357747e-08,-2813.0
302,S_511_651,0.9976206111986204,1049.0
303,S_512_651,2.077303292713495e-07,-2673.0
304,S_521_651,1.6124750261692355e-05,-1917.0
305,S_536_651,1.195363382722192e-07,-2769.0
306,S_538_651,7.629563091304803e-07,-2447.0
307,S_549_651,0.014329523481175332,-735.0
308,S_553_651,7.629563091304803e-07,-2447.0
309,S_556_651,1.0901843727761928e-07,-2785.0
310,S_559_651,0.999871930894343,1557.0
311,S_562_651,3.9582204847121716e-08,-2961.0
312,S_569_651,1.6218098342068998e-07,-2716.0
313,S_570_651,1.8513988675472604e-08,-3093.0
314,S_577_651,0.999999999999904,5207.0
315,S_580_651,5.7876195613815185e-08,-2895.0
316,S_592_651,0.9972533362368368,1024.0
317,S_599_651,3.1441263259601726e-08,-3001.0
318,S_607_651,1.9386488776529376e-06,-2285.0
319,S_612_651,2.317394112161253e-07,-2654.0
320,S_628_651,4.869672880492004e-07,-2525.0
321,S_629_651,2.3988271645736248e-06,-2248.0
322,S_636_651,0.9999999999537619,4134.0
323,S_637_651,1.2373696588463545e-06,-2363.0
324,S_640_651,0.9999999834041312,3112.0
325,S_507_658,0.03099737750381204,-598.0
326,S_509_658,0.1381721524200823,-318.0
327,S_511_658,0.9999999986196157,3544.0
328,S_512_658,0.2641225558985236,-178.0
329,S_521_658,0.9653514200696305,578.0
330,S_536_658,0.1711823522457243,-274.0
331,S_538_658,0.5686413918836677,48.0
332,S_549_658,0.9999601908677748,1760.0
333,S_553_658,0.5686413918836677,48.0
334,S_556_658,0.1585076330767582,-290.0
335,S_559_658,0.999999999925869,4052.0
336,S_562_658,0.06401322566678602,-466.0
337,S_569_658,0.2188845972700384,-221.0
338,S_570_658,0.03099737750381204,-598.0
339,S_577_658,1.0,7702.0
340,S_580_658,0.09090909090909094,-400.0
341,S_592_658,0.9999999984059571,3519.0
342,S_599_658,0.05152588759746679,-506.0
343,S_607_658,0.770096676660982,210.0
344,S_612_658,0.28592109741464966,-159.0
345,S_628_658,0.4569335079777881,-30.0
346,S_629_658,0.8056276940436502,247.0
347,S_636_658,1.0,6629.0
348,S_637_658,0.6813218351663937,132.0
349,S_640_658,0.9999999999999903,5607.0
350,S_651_658,0.9999994212383466,2495.0
351,S_507_663,0.000954081445314725,-1208.0
352,S_509_663,0.00476350137221071,-928.0
353,S_511_663,0.9999999537619,2934.0
354,S_512_663,0.010601594916186063,-788.0
355,S_521_663,0.4540780772195163,-32.0
356,S_536_663,0.006128164065282493,-884.0
357,S_538_663,0.03786483661488682,-562.0
358,S_549_663,0.9986682544790311,1150.0
359,S_553_663,0.03786483661488682,-562.0
360,S_556_663,0.005591967308834822,-900.0
361,S_559_663,0.9999999975168669,3442.0
362,S_562_663,0.002037577744872676,-1076.0
363,S_569_663,0.008296252364539236,-831.0
364,S_570_663,0.000954081445314725,-1208.0
365,S_577_663,1.0,7092.0
366,S_580_663,0.0029764966375908086,-1010.0
367,S_592_663,0.9999999466050755,2909.0
368,S_599_663,0.0016191840882550101,-1116.0
369,S_607_663,0.09090909090909094,-400.0
370,S_612_663,0.011812433732405592,-769.0
371,S_628_663,0.024503367550335886,-640.0
372,S_629_663,0.11011215781886718,-363.0
373,S_636_663,0.9999999999999991,6019.0
374,S_637_663,0.05999696162997603,-478.0
375,S_640_663,0.9999999999996783,4997.0
376,S_651_663,0.9999806138494706,1885.0
377,S_658_663,0.02898841119972262,-610.0
378,S_507_666,6.5689680132097195e-06,-2073.0
379,S_509_666,3.292196144211168e-05,-1793.0
380,S_511_666,0.9999932780220941,2069.0
381,S_512_666,7.370008543072792e-05,-1653.0
382,S_521_666,0.005688821695320034,-897.0
383,S_536_666,4.241129959647871e-05,-1749.0
384,S_538_666,0.0002706340577713906,-1427.0
385,S_549_666,0.8376154583713974,285.0
386,S_553_666,0.0002706340577713906,-1427.0
387,S_556_666,3.867970928561615e-05,-1765.0
388,S_559_666,0.9999996390061168,2577.0
389,S_562_666,1.404409959615549e-05,-1941.0
390,S_569_666,5.754068261309975e-05,-1696.0
391,S_570_666,6.5689680132097195e-06,-2073.0
392,S_577_666,0.9999999999999998,6227.0
393,S_580_666,2.0534828576668218e-05,-1875.0
394,S_592_666,0.9999922375890892,2044.0
395,S_599_666,1.1155657063333102e-05,-1981.0
396,S_607_666,0.000687387086287905,-1265.0
397,S_612_666,8.221750472081624e-05,-1634.0
398,S_628_666,0.00017275274938199914,-1505.0
399,S_629_666,0.0008504142183128893,-1228.0
400,S_636_666,0.9999999999998697,5154.0
401,S_637_666,0.0004388431977377927,-1343.0
402,S_640_666,0.9999999999532265,4132.0
403,S_651_666,0.9971895380267898,1020.0
404,S_658_666,0.00020531034165327533,-1475.0
405,S_663_666,0.006831607235548209,-865.0
406,S_507_667,0.023691207712817852,-646.0
407,S_509_667,0.10843133312663344,-366.0
408,S_511_667,0.9999999981802992,3496.0
409,S_512_667,0.2140033977178425,-226.0
410,S_521_667,0.9548224553181525,530.0
411,S_536_667,0.13545299458869553,-322.0
412,S_538_667,0.5,0.0
413,S_549_667,0.9999475220080591,1712.0
414,S_553_667,0.5,0.0
415,S_556_667,0.1250246930016361,-338.0
416,S_559_667,0.9999999999022763,4004.0
417,S_562_667,0.04932121886611951,-514.0
418,S_569_667,0.17530468655383158,-269.0
419,S_570_667,0.023691207712817852,-646.0
420,S_577_667,1.0,7654.0
421,S_580_667,0.07050909562522967,-448.0
422,S_592_667,0.9999999978986422,3471.0
423,S_599_667,0.03957872257165107,-554.0
424,S_607_667,0.7175917231915314,162.0
425,S_612_667,0.23297508185497862,-207.0
426,S_628_667,0.3895975779053109,-78.0
427,S_629_667,0.7586946201468556,199.0
428,S_636_667,1.0,6581.0
429,S_637_667,0.6185841220890307,84.0
430,S_640_667,0.9999999999999873,5559.0
431,S_651_667,0.999999237043691,2447.0
432,S_658_667,0.4313586081163323,-48.0
433,S_663_667,0.9621351633851132,562.0
434,S_666_667,0.9997293659422285,1427.0
435,S_507_670,0.0033193726925807576,-991.0
436,S_509_670,0.01641764010871205,-711.0
437,S_511_670,0.999999986741329,3151.0
438,S_512_670,0.03602194408017301,-571.0
439,S_521_670,0.7436345220073277,185.0
440,S_536_670,0.021050399077029325,-667.0
441,S_538_670,0.12068284654599215,-345.0
442,S_549_670,0.9996177619081693,1367.0
443,S_553_670,0.12068284654599215,-345.0
444,S_556_670,0.019233817140724918,-683.0
445,S_559_670,0.9999999992879672,3659.0
446,S_562_670,0.0070699873709551,-859.0
447,S_569_670,0.02834725953267636,-614.0
448,S_570_670,0.0033193726925807576,-991.0
449,S_577_670,1.0,7309.0
450,S_580_670,0.010303905252853518,-793.0
451,S_592_670,0.9999999846891257,3126.0
452,S_599_670,0.005624068527847692,-899.0
453,S_607_670,0.25856647703070046,-183.0
454,S_612_670,0.040018682017058826,-552.0
455,S_628_670,0.08054361757308837,-423.0
456,S_629_670,0.301441373581977,-146.0
457,S_636_670,0.9999999999999998,6236.0
458,S_637_670,0.18206236894188432,-261.0
459,S_640_670,0.9999999999999077,5214.0
460,S_651_670,0.9999944409883301,2102.0
461,S_658_670,0.09429462645676256,-393.0
462,S_663_670,0.7771531053147259,217.0
463,S_666_670,0.998031460056826,1082.0
464,S_667_670,0.12068284654599215,-345.0
465,S_507_671,1.6884960096774648e-10,-3909.0
466,S_509_671,8.462526235319956e-10,-3629.0
467,S_511_671,0.7926963841757686,233.0
468,S_512_671,1.894523427026229e-09,-3489.0
469,S_521_671,1.4706181994394996e-07,-2733.0
470,S_536_671,1.0901843872090922e-09,-3585.0
471,S_538_671,6.958249532118543e-09,-3263.0
472,S_549_671,0.00013256913487036392,-1551.0
473,S_553_671,6.958249532118543e-09,-3263.0
474,S_556_671,9.94260007658454e-10,-3601.0
475,S_559_671,0.9861502136744882,741.0
476,S_562_671,3.609941234827829e-10,-3777.0
477,S_569_671,1.4791083913223702e-09,-3532.0
478,S_570_671,1.6884960096774648e-10,-3909.0
479,S_577_671,0.9999999999894683,4391.0
480,S_580_671,5.278371073558219e-10,-3711.0
481,S_592_671,0.768052003167584,208.0
482,S_599_671,2.8674773666637066e-10,-3817.0
483,S_607_671,1.768072188657044e-08,-3101.0
484,S_612_671,2.113488939414765e-09,-3470.0
485,S_628_671,4.441196521653978e-09,-3341.0
486,S_629_671,2.1877615719034793e-08,-3064.0
487,S_636_671,0.999999994930093,3318.0
488,S_637_671,1.1284959300361663e-08,-3179.0
489,S_640_671,0.9999981803024527,2296.0
490,S_651_671,0.009037683738239544,-816.0
491,S_658_671,5.278371961736639e-09,-3311.0
492,S_663_671,1.7680719044399495e-07,-2701.0
493,S_666_671,2.5703297151236093e-05,-1836.0
494,S_667_671,6.958249532118543e-09,-3263.0
495,S_670_671,5.069906816590475e-08,-2918.0
496,S_507_686,0.8743442268185462,337.0
497,S_509_686,0.9721245485090315,617.0
498,S_511_686,0.999999999993654,4479.0
499,S_512_686,0.9873534332491494,757.0
500,S_521_686,0.9998350211223892,1513.0
501,S_536_686,0.9782259517865328,661.0
502,S_538_686,0.9965247337529527,983.0
503,S_549_686,0.9999998169794229,2695.0
504,S_553_686,0.9965247337529527,983.0
505,S_556_686,0.9761752799793127,645.0
506,S_559_686,0.9999999999996592,4987.0
507,S_562_686,0.9370137212880922,469.0
508,S_569_686,0.9838589113182012,714.0
509,S_570_686,0.8743442268185462,337.0
510,S_577_686,1.0,8637.0
511,S_580_686,0.9560478979006848,535.0
512,S_592_686,0.9999999999926718,4454.0
513,S_599_686,0.9219774236826269,429.0
514,S_607_686,0.9986294201063903,1145.0
515,S_612_686,0.9886487930783853,776.0
516,S_628_686,0.9945658260964875,905.0
517,S_629_686,0.9988920540904371,1182.0
518,S_636_686,1.0,7564.0
519,S_637_686,0.9978543092096067,1067.0
520,S_640_686,1.0,6542.0
521,S_651_686,0.9999999973392749,3430.0
522,S_658_686,0.9954237682869339,935.0
523,S_663_686,0.9998627727378052,1545.0
524,S_666_686,0.9999990559400149,2410.0
525,S_667_686,0.9965247337529527,983.0
526,S_670_686,0.9995215988848473,1328.0
527,S_671_686,0.9999999999757339,4246.0
528,S_507_689,0.04618126740085904,-526.0
529,S_509_689,0.19527530650074054,-246.0
530,S_511_689,0.9999999990879892,3616.0
531,S_512_689,0.3520169867496943,-106.0
532,S_521_689,0.9768355779567848,650.0
533,S_536_689,0.238157890082064,-202.0
534,S_538_689,0.666139424583122,120.0
535,S_549_689,0.9999736980118938,1832.0
536,S_553_689,0.666139424583122,120.0
537,S_556_689,0.22185154578086752,-218.0
538,S_559_689,0.9999999999510221,4124.0
539,S_562_689,0.09380415322649482,-394.0
540,S_569_689,0.29781739790947925,-149.0
541,S_570_689,0.04618126740085904,-526.0
542,S_577_689,1.0,7774.0
543,S_580_689,0.13145900002414823,-328.0
544,S_592_689,0.9999999989468263,3591.0
545,S_599_689,0.07597710350276543,-434.0
546,S_607_689,0.8352528323139614,282.0
547,S_612_689,0.3773498042127379,-87.0
548,S_628_689,0.5601501452319029,42.0
549,S_629_689,0.8625119039913111,319.0
550,S_636_689,1.0,6701.0
551,S_637_689,0.7639246991448386,204.0
552,S_640_689,0.9999999999999937,5679.0
553,S_651_689,0.9999996176158925,2567.0
554,S_658_689,0.602158093174717,72.0
555,S_663_689,0.9806572925974397,682.0
556,S_666_689,0.9998643433521929,1547.0
557,S_667_689,0.666139424583122,120.0
558,S_670_689,0.9356410059682178,465.0
559,S_671_689,0.9999999965126142,3383.0
560,S_686_689,0.006910166881433533,-863.0
561,S_507_694,0.023691207712817852,-646.0
562,S_509_694,0.10843133312663344,-366.0
563,S_511_694,0.9999999981802992,3496.0
564,S_512_694,0.2140033977178425,-226.0
565,S_521_694,0.9548224553181525,530.0
566,S_536_694,0.13545299458869553,-322.0
567,S_538_694,0.5,0.0
568,S_549_694,0.9999475220080591,1712.0
569,S_553_694,0.5,0.0
570,S_556_694,0.1250246930016361,-338.0
571,S_559_694,0.9999999999022763,4004.0
572,S_562_694,0.04932121886611951,-514.0
573,S_569_694,0.17530468655383158,-269.0
574,S_570_694,0.023691207712817852,-646.0
575,S_577_694,1.0,7654.0
576,S_580_694,0.07050909562522967,-448.0
577,S_592_694,0.9999999978986422,3471.0
578,S_599_694,0.03957872257165107,-554.0
579,S_607_694,0.7175917231915314,162.0
580,S_612_694,0.23297508185497862,-207.0
581,S_628_694,0.3895975779053109,-78.0
582,S_629_694,0.7586946201468556,199.0
583,S_636_694,1.0,6581.0
584,S_637_694,0.6185841220890307,84.0
585,S_640_694,0.9999999999999873,5559.0
586,S_651_694,0.999999237043691,2447.0
587,S_658_694,0.4313586081163323,-48.0
588,S_663_694,0.9621351633851132,562.0
589,S_666_694,0.9997293659422285,1427.0
590,S_667_694,0.5,0.0
591,S_670_694,0.8793171534540078,345.0
592,S_671_694,0.9999999930417505,3263.0
593,S_686_694,0.003475266247047304,-983.0
594,S_689_694,0.33386057541687786,-120.0
595,S_507_695,0.01688894723059886,-706.0
596,S_509_695,0.07927393863120658,-426.0
597,S_511_695,0.9999999974296042,3436.0
598,S_512_695,0.16160309261305672,-286.0
599,S_521_695,0.937352608546113,470.0
600,S_536_695,0.09984313269951928,-382.0
601,S_538_695,0.4145013213281905,-60.0
602,S_549_695,0.9999258744708713,1652.0
603,S_553_695,0.4145013213281905,-60.0
604,S_556_695,0.09186506426819296,-398.0
605,S_559_695,0.9999999998619615,3944.0
606,S_562_695,0.03542705695208459,-574.0
607,S_569_695,0.1308031345449462,-329.0
608,S_570_695,0.01688894723059886,-706.0
609,S_577_695,1.0,7594.0
610,S_580_695,0.050966136075934365,-508.0
611,S_592_695,0.9999999970317532,3411.0
612,S_599_695,0.02834725953267636,-614.0
613,S_607_695,0.6427130688326204,102.0
614,S_612_695,0.17697537107826788,-267.0
615,S_628_695,0.3112264313312868,-138.0
616,S_629_695,0.6900062072803139,139.0
617,S_636_695,1.0,6521.0
618,S_637_695,0.5344839447268315,24.0
619,S_640_695,0.9999999999999821,5499.0
620,S_651_695,0.9999989222959077,2387.0
621,S_658_695,0.3493953720661275,-108.0
622,S_663_695,0.9473371258660741,502.0
623,S_666_695,0.9996177619081693,1367.0
624,S_667_695,0.4145013213281905,-60.0
625,S_670_695,0.8376154583713974,285.0
626,S_671_695,0.9999999901712113,3203.0
627,S_686_695,0.002462799747606992,-1043.0
628,S_689_695,0.2618909674595813,-180.0
629,S_694_695,0.4145013213281905,-60.0
630,S_507_698,0.03205177802787107,-592.0
631,S_509_698,0.1423366814461431,-312.0
632,S_511_698,0.9999999986664786,3550.0
633,S_512_698,0.27089003710224746,-172.0
634,S_521_698,0.9664882894516288,584.0
635,S_536_698,0.17613847149442763,-268.0
636,S_538_698,0.5770924758253291,54.0
637,S_549_698,0.999961542300847,1766.0
638,S_553_698,0.5770924758253291,54.0
639,S_556_698,0.16316903399710536,-284.0
640,S_559_698,0.9999999999283856,4058.0
641,S_562_698,0.06611406133719566,-460.0
642,S_569_698,0.2248471343503159,-215.0
643,S_570_698,0.03205177802787107,-592.0
644,S_577_698,1.0,7708.0
645,S_580_698,0.09380415322649482,-394.0
646,S_592_698,0.9999999984600735,3525.0
647,S_599_698,0.05324021520202249,-500.0
648,S_607_698,0.7761545753418307,216.0
649,S_612_698,0.29302470519145907,-153.0
650,S_628_698,0.4655160552731685,-24.0
651,S_629_698,0.8109791581199478,253.0
652,S_636_698,1.0,6635.0
653,S_637_698,0.6887735686687131,138.0
654,S_640_698,0.9999999999999907,5613.0
655,S_651_698,0.999999440886785,2501.0
656,S_658_698,0.5086338358210827,6.0
657,S_663_698,0.9719681328483034,616.0
658,S_666_698,0.9998016583815181,1481.0
659,S_667_698,0.5770924758253291,54.0
660,S_670_698,0.9086140467149136,399.0
661,S_671_698,0.999999994900824,3317.0
662,S_686_698,0.004736288726905347,-929.0
663,S_689_698,0.40614461476382213,-66.0
664,S_694_698,0.5770924758253291,54.0
665,S_695_698,0.6584145209169125,114.0
666,S_507_701,0.060649558509397794,-476.0
667,S_509_701,0.24448111792880312,-196.0
668,S_511_701,0.9999999993160884,3666.0
669,S_512_701,0.4201002396421185,-56.0
670,S_521_701,0.9825279085051666,700.0
671,S_536_701,0.2942186402879975,-152.0
672,S_538_701,0.7268300722767311,170.0
673,S_549_701,0.9999802761616763,1882.0
674,S_553_701,0.7268300722767311,170.0
675,S_556_701,0.2754617571574639,-168.0
676,S_559_701,0.9999999999632718,4174.0
677,S_562_701,0.12129504878814856,-344.0
678,S_569_701,0.3612622508882751,-99.0
679,S_570_701,0.060649558509397794,-476.0
680,S_577_701,1.0,7824.0
681,S_580_701,0.16794015946966678,-278.0
682,S_592_701,0.9999999992102312,3641.0
683,S_599_701,0.0988131708783323,-384.0
684,S_607_701,0.8711477984045555,332.0
685,S_612_701,0.4469531048305375,-37.0
686,S_628_701,0.6293885472175023,92.0
687,S_629_701,0.8932269128257911,369.0
688,S_636_701,1.0,6751.0
689,S_637_701,0.8118599983337865,254.0
690,S_640_701,0.9999999999999952,5729.0
691,S_651_701,0.9999997132523447,2617.0
692,S_658_701,0.6686949563073317,122.0
693,S_663_701,0.9854245035095257,732.0
694,S_666_701,0.9998982684137505,1597.0
695,S_667_701,0.7268300722767311,170.0
696,S_670_701,0.9509479946527073,515.0
697,S_671_701,0.9999999973848296,3433.0
698,S_686_701,0.009193667095047764,-813.0
699,S_689_701,0.5714631174083814,50.0
700,S_694_701,0.7268300722767311,170.0
701,S_695_701,0.7898441797581306,230.0
702,S_698_701,0.6609990912463583,116.0
703,S_507_702,0.6293885472175023,92.0
704,S_509_702,0.8948627896440804,372.0
705,S_511_702,0.9999999999739984,4234.0
706,S_512_702,0.9501361462210238,512.0
707,S_521_702,0.9993243738039769,1268.0
708,S_536_702,0.9164213770695134,416.0
709,S_538_702,0.9859123578820096,738.0
710,S_549_702,0.999999250106353,2450.0
711,S_553_702,0.9859123578820096,738.0
712,S_556_702,0.9090909090909091,400.0
713,S_559_702,0.9999999999986037,4742.0
714,S_562_702,0.784053683887815,224.0
715,S_569_702,0.9370137212880922,469.0
716,S_570_702,0.6293885472175023,92.0
717,S_577_702,1.0,8392.0
718,S_580_702,0.8414923669232418,290.0
719,S_592_702,0.9999999999699738,4209.0
720,S_599_702,0.7425355589430698,184.0
721,S_607_702,0.9944080326911652,900.0
722,S_612_702,0.9550701200574039,531.0
723,S_628_702,0.9781030013517666,660.0
724,S_629_702,0.995475914989909,937.0
725,S_636_702,1.0,7319.0
726,S_637_702,0.9912664580429065,822.0
727,S_640_702,0.9999999999999998,6297.0
728,S_651_702,0.9999999890981552,3185.0
729,S_658_702,0.9815117626201699,690.0
730,S_663_702,0.9994379747248476,1300.0
731,S_666_702,0.9999961318944159,2165.0
732,S_667_702,0.9859123578820096,738.0
733,S_670_702,0.9980427372148726,1083.0
734,S_671_702,0.999999999900574,4001.0
735,S_686_702,0.1961814805753157,-245.0
736,S_689_702,0.9722801162737278,618.0
737,S_694_702,0.9859123578820096,738.0
738,S_695_702,0.9899855099808833,798.0
739,S_698_702,0.9808744720758243,684.0
740,S_701_702,0.963373558823953,568.0
741,S_507_708,2.220446049250313e-16,-6282.0
742,S_509_708,8.881784197001252e-16,-6002.0
743,S_511_708,4.466815969106364e-06,-2140.0
744,S_512_708,2.220446049250313e-15,-5862.0
745,S_521_708,1.7186252421197423e-13,-5106.0
746,S_536_708,1.3322676295501878e-15,-5958.0
747,S_538_708,8.215650382226158e-15,-5636.0
748,S_549_708,1.5488166305033246e-10,-3924.0
749,S_553_708,8.215650382226158e-15,-5636.0
750,S_556_708,1.1102230246251565e-15,-5974.0
751,S_559_708,8.316945937603126e-05,-1632.0
752,S_562_708,4.440892098500626e-16,-6150.0
753,S_569_708,1.7763568394002505e-15,-5905.0
754,S_570_708,2.220446049250313e-16,-6282.0
755,S_577_708,0.9999909843699063,2018.0
756,S_580_708,6.661338147750939e-16,-6084.0
757,S_592_708,3.868105584059478e-06,-2165.0
758,S_599_708,4.440892098500626e-16,-6190.0
759,S_607_708,2.0650148258027912e-14,-5474.0
760,S_612_708,2.4424906541753444e-15,-5843.0
761,S_628_708,5.10702591327572e-15,-5714.0
762,S_629_708,2.55351295663786e-14,-5437.0
763,S_636_708,0.9956786524554238,945.0
764,S_637_708,1.3100631690576847e-14,-5552.0
765,S_640_708,0.3909673965957604,-77.0
766,S_651_708,1.0653688486961244e-08,-3189.0
767,S_658_708,6.217248937900877e-15,-5684.0
768,S_663_708,2.0650148258027912e-13,-5074.0
769,S_666_708,3.0026203745592284e-11,-4209.0
770,S_667_708,8.215650382226158e-15,-5636.0
771,S_670_708,5.928590951498336e-14,-5291.0
772,S_671_708,1.1681523653939152e-06,-2373.0
773,S_686_708,0.0,-6619.0
774,S_689_708,3.9968028886505635e-15,-5756.0
775,S_694_708,8.215650382226158e-15,-5636.0
776,S_695_708,1.1546319456101628e-14,-5576.0
777,S_698_708,5.995204332975845e-15,-5690.0
778,S_701_708,3.1086244689504383e-15,-5806.0
779,S_702_708,2.220446049250313e-16,-6374.0
780,S_507_720,3.4474660903782706e-09,-3385.0
781,S_509_720,1.727825937880567e-08,-3105.0
782,S_511_720,0.9873534332491494,757.0
783,S_512_720,3.868120412864329e-08,-2965.0
784,S_521_720,3.0026084052448e-06,-2209.0
785,S_536_720,2.2258709986289205e-08,-3061.0
786,S_538_720,1.4206920107007193e-07,-2739.0
787,S_549_720,0.0026997647431283855,-1027.0
788,S_553_720,1.4206920107007193e-07,-2739.0
789,S_556_720,2.030018464438399e-08,-3077.0
790,S_559_720,0.9993126129137121,1265.0
791,S_562_720,7.370551724505958e-09,-3253.0
792,S_569_720,3.019951622107442e-08,-3008.0
793,S_570_720,3.4474660903782706e-09,-3385.0
794,S_577_720,0.9999999999994842,4915.0
795,S_580_720,1.0777052472654702e-08,-3187.0
796,S_592_720,0.9854245035095257,732.0
797,S_599_720,5.85463744151582e-09,-3293.0
798,S_607_720,3.609938832305204e-07,-2577.0
799,S_612_720,4.31519057153551e-08,-2946.0
800,S_628_720,9.067758832692618e-08,-2817.0
801,S_629_720,4.4668339260756085e-07,-2540.0
802,S_636_720,0.9999999997516867,3842.0
803,S_637_720,2.304092445726269e-07,-2655.0
804,S_640_720,0.9999999108749141,2820.0
805,S_651_720,0.1569780355859638,-292.0
806,S_658_720,1.0777051373533908e-07,-2787.0
807,S_663_720,3.609927104353261e-06,-2177.0
808,S_666_720,0.000524532181847559,-1312.0
809,S_667_720,1.4206920107007193e-07,-2739.0
810,S_670_720,1.035141095173664e-06,-2394.0
811,S_671_720,0.9533089469470879,524.0
812,S_686_720,4.954501253706667e-10,-3722.0
813,S_689_720,7.120327483178812e-08,-2859.0
814,S_694_720,1.4206920107007193e-07,-2739.0
815,S_695_720,2.0067806871804095e-07,-2679.0
816,S_698_720,1.0411179984792795e-07,-2793.0
817,S_701_720,5.3394924481864336e-08,-2909.0
818,S_702_720,2.030018597665162e-09,-3477.0
819,S_708_720,0.9999999427863078,2897.0
820,S_507_721,1.7277961272044173e-05,-1905.0
821,S_509_721,8.65889340432302e-05,-1625.0
822,S_511_721,0.9999974443646302,2237.0
823,S_512_721,0.00019382768713971377,-1485.0
824,S_521_721,0.014825628234724553,-729.0
825,S_536_721,0.00011154537137725296,-1581.0
826,S_538_721,0.0007115261700281206,-1259.0
827,S_549_721,0.9313540665199445,453.0
828,S_553_721,0.0007115261700281206,-1259.0
829,S_556_721,0.0001017315862494872,-1597.0
830,S_559_721,0.9999998627539227,2745.0
831,S_562_721,3.6938899903082856e-05,-1773.0
832,S_569_721,0.0001513332196338979,-1528.0
833,S_570_721,1.7277961272044173e-05,-1905.0
834,S_577_721,0.9999999999999999,6395.0
835,S_580_721,5.401029420692982e-05,-1707.0
836,S_592_721,0.9999970487994829,2212.0
837,S_599_721,2.9341834070995e-05,-1813.0
838,S_607_721,0.001805988415040094,-1097.0
839,S_612_721,0.00021622508897212178,-1466.0
840,S_628_721,0.0004542580930155804,-1337.0
841,S_629_721,0.0022337204613538386,-1060.0
842,S_636_721,0.9999999999999505,5322.0
843,S_637_721,0.001153450001407652,-1175.0
844,S_640_721,0.9999999999822172,4300.0
845,S_651_721,0.9989296276194319,1188.0
846,S_658_721,0.0005398405295578002,-1307.0
847,S_663_721,0.0177710355907984,-697.0
848,S_666_721,0.724538242842536,168.0
849,S_667_721,0.0007115261700281206,-1259.0
850,S_670_721,0.005161223957389494,-914.0
851,S_671_721,0.9999902277232887,2004.0
852,S_686_721,2.4831269394010036e-06,-2242.0
853,S_689_721,0.0003567344444056486,-1379.0
854,S_694_721,0.0007115261700281206,-1259.0
855,S_695_721,0.0010047624999446336,-1199.0
856,S_698_721,0.0005215229761034168,-1313.0
857,S_701_721,0.0002675369641382819,-1429.0
858,S_702_721,1.0174090148584725e-05,-1997.0
859,S_708_721,0.9999999999885844,4377.0
860,S_720_721,0.9998005135712784,1480.0
861,S_507_722,0.00087522502775772,-1223.0
862,S_509_722,0.004371167662623132,-943.0
863,S_511_722,0.9999999495919406,2919.0
864,S_512_722,0.00973312391139236,-803.0
865,S_521_722,0.4327711556570478,-47.0
866,S_536_722,0.005624068527847692,-899.0
867,S_538_722,0.0348416390467019,-577.0
868,S_549_722,0.9985483260353352,1135.0
869,S_553_722,0.0348416390467019,-577.0
870,S_556_722,0.005131750941908431,-915.0
871,S_559_722,0.9999999972929268,3427.0
872,S_562_722,0.0018693361210093684,-1091.0
873,S_569_722,0.007615178943063183,-846.0
874,S_570_722,0.00087522502775772,-1223.0
875,S_577_722,1.0,7077.0
876,S_580_722,0.0027309411713407616,-1025.0
877,S_592_722,0.9999999417896817,2894.0
878,S_599_722,0.001485437566783876,-1131.0
879,S_607_722,0.0840205872617279,-415.0
880,S_612_722,0.010845859477081277,-784.0
881,S_628_722,0.022522001896787436,-655.0
882,S_629_722,0.10193172098897374,-378.0
883,S_636_722,0.999999999999999,6004.0
884,S_637_722,0.05530827471561295,-493.0
885,S_640_722,0.9999999999996493,4982.0
886,S_651_722,0.9999788655562758,1870.0
887,S_658_722,0.026654290031059236,-625.0
888,S_663_722,0.4784266669488545,-15.0
889,S_666_722,0.9925568734814315,850.0
890,S_667_722,0.0348416390467019,-577.0
891,S_670_722,0.20825116249181552,-232.0
892,S_671_722,0.9999998072475458,2686.0
893,S_686_722,0.00012587669424246606,-1560.0
894,S_689_722,0.0177710355907984,-697.0
895,S_694_722,0.0348416390467019,-577.0
896,S_695_722,0.04851775409661929,-517.0
897,S_698_722,0.025772721784294128,-631.0
898,S_701_722,0.013385892140398425,-747.0
899,S_702_722,0.0005155562297416427,-1315.0
900,S_708_722,0.9999999999997748,5059.0
901,S_720_722,0.9999960645147336,2162.0
902,S_721_722,0.9806572925974397,682.0
903,S_507_725,0.0009932725027609335,-1201.0
904,S_509_725,0.004958396352233607,-921.0
905,S_511_725,0.9999999555880358,2941.0
906,S_512_725,0.01103270308835158,-781.0
907,S_521_725,0.46408407305489774,-25.0
908,S_536_725,0.006378535321028611,-877.0
909,S_538_725,0.0393604855044517,-555.0
910,S_549_725,0.9987207833965672,1157.0
911,S_553_725,0.0393604855044517,-555.0
912,S_556_725,0.00582056009460119,-893.0
913,S_559_725,0.9999999976149362,3449.0
914,S_562_725,0.00212118137045747,-1069.0
915,S_569_725,0.008634433130792596,-824.0
916,S_570_725,0.0009932725027609335,-1201.0
917,S_577_725,1.0,7099.0
918,S_580_725,0.003098505327087442,-1003.0
919,S_592_725,0.9999999487138642,2916.0
920,S_599_725,0.0016856496470371019,-1109.0
921,S_607_725,0.09429462645676256,-393.0
922,S_612_725,0.012292168287275085,-762.0
923,S_628_725,0.025485222474582403,-633.0
924,S_629_725,0.11412305741415052,-356.0
925,S_636_725,0.9999999999999991,6026.0
926,S_637_725,0.06231020627383499,-471.0
927,S_640_725,0.999999999999691,5004.0
928,S_651_725,0.9999813794753638,1892.0
929,S_658_725,0.030144429200731016,-603.0
930,S_663_725,0.5100724469274385,7.0
931,S_666_725,0.9934364305929518,872.0
932,S_667_725,0.0393604855044517,-555.0
933,S_670_725,0.22990332333901797,-210.0
934,S_671_725,0.9999998301756636,2708.0
935,S_686_725,0.00014286898138859971,-1538.0
936,S_689_725,0.020122039154696236,-675.0
937,S_694_725,0.0393604855044517,-555.0
938,S_695_725,0.05470980337647624,-495.0
939,S_698_725,0.02915088466725846,-609.0
940,S_701_725,0.015165724250000179,-725.0
941,S_702_725,0.0005851211690947045,-1293.0
942,S_708_725,0.9999999999998016,5081.0
943,S_720_725,0.9999965326435181,2184.0
944,S_721_725,0.9829188284532066,704.0
945,S_722_725,0.5316182978281072,22.0
946,S_507_731,1.1547818523638398e-07,-2775.0
947,S_509_731,5.78761653380333e-07,-2495.0
948,S_511_731,0.9996177619081693,1367.0
949,S_512_731,1.2956850187206825e-06,-2355.0
950,S_521_731,0.00010056719152284899,-1599.0
951,S_536_731,7.455893161756322e-07,-2451.0
952,S_538_731,4.758805263627153e-06,-2129.0
953,S_549_731,0.08313877240427014,-417.0
954,S_553_731,4.758805263627153e-06,-2129.0
955,S_556_731,6.799855826189471e-07,-2467.0
956,S_559_731,0.9999794651714232,1875.0
957,S_562_731,2.4688794952876236e-07,-2643.0
958,S_569_731,1.0115784309094877e-06,-2398.0
959,S_570_731,1.1547818523638398e-07,-2775.0
960,S_577_731,0.9999999999999846,5525.0
961,S_580_731,3.609938832305204e-07,-2577.0
962,S_592_731,0.9995586244510453,1342.0
963,S_599_731,1.9611007906483735e-07,-2683.0
964,S_607_731,1.209190561346496e-05,-1967.0
965,S_612_731,1.4454376814354575e-06,-2336.0
966,S_628_731,3.037376866243946e-06,-2207.0
967,S_629_731,1.4962132692031282e-05,-1930.0
968,S_636_731,0.9999999999925869,4452.0
969,S_637_731,7.71785559006144e-06,-2045.0
970,S_640_731,0.9999999973392749,3430.0
971,S_651_731,0.8618278475799177,318.0
972,S_658_731,3.609927104353261e-06,-2177.0
973,S_663_731,0.00012090589829050202,-1567.0
974,S_666_731,0.017275545250193702,-702.0
975,S_667_731,4.758805263627153e-06,-2129.0
976,S_670_731,3.4672482822406536e-05,-1784.0
977,S_671_731,0.9985399576661176,1134.0
978,S_686_731,1.65958689013479e-08,-3112.0
979,S_689_731,2.3850581070128385e-06,-2249.0
980,S_694_731,4.758805263627153e-06,-2129.0
981,S_695_731,6.721977905743692e-06,-2069.0
982,S_698_731,3.487373679611494e-06,-2183.0
983,S_701_731,1.788542330127818e-06,-2299.0
984,S_702_731,6.799859986195145e-08,-2867.0
985,S_708_731,0.9999999982919523,3507.0
986,S_720_731,0.9710115888002774,610.0
987,S_721_731,0.0066390673727174665,-870.0
988,S_722_731,0.00013180829813785877,-1552.0
989,S_725_731,0.0001161313733217817,-1574.0
990,S_507_737,0.014658408314423554,-731.0
991,S_509_737,0.06938566248174538,-451.0
992,S_511_737,0.9999999970317532,3411.0
993,S_512_737,0.14304086073555156,-311.0
994,S_521_737,0.9283506820134463,445.0
995,S_536_737,0.08763334779453691,-407.0
996,S_538_737,0.3800586409554767,-85.0
997,S_549_737,0.999914402156446,1627.0
998,S_553_737,0.3800586409554767,-85.0
999,S_556_737,0.08054361757308837,-423.0
1000,S_559_737,0.9999999998405957,3919.0
1001,S_562_737,0.03082493930431429,-599.0
1002,S_569_737,0.11529218350883574,-354.0
1003,S_570_737,0.014658408314423554,-731.0
1004,S_577_737,1.0,7569.0
1005,S_580_737,0.04443842690195987,-533.0
1006,S_592_737,0.9999999965723222,3386.0
1007,S_599_737,0.024641341283520468,-639.0
1008,S_607_737,0.6090326034042395,77.0
1009,S_612_737,0.1569780355859638,-292.0
1010,S_628_737,0.281243170101218,-163.0
1011,S_629_737,0.6584145209169125,114.0
1012,S_636_737,0.9999999999999999,6496.0
1013,S_637_737,0.4985608882908472,-1.0
1014,S_640_737,0.9999999999999793,5474.0
1015,S_651_737,0.9999987554869371,2362.0
1016,S_658_737,0.3174296145252281,-133.0
1017,S_663_737,0.9396775657853118,477.0
1018,S_666_737,0.9995586244510453,1342.0
1019,S_667_737,0.3800586409554767,-85.0
1020,S_670_737,0.8170788341999742,260.0
1021,S_671_737,0.9999999886498919,3178.0
1022,S_686_737,0.0021334009591300607,-1068.0
1023,S_689_737,0.23503873644731077,-205.0
1024,S_694_737,0.3800586409554767,-85.0
1025,S_695_737,0.46408407305489774,-25.0
1026,S_698_737,0.3099937927196861,-139.0
1027,S_701_737,0.18726231836346519,-255.0
1028,S_702_737,0.008683847392401689,-823.0
1029,S_708_737,0.9999999999999868,5551.0
1030,S_720_737,0.9999997682605887,2654.0
1031,S_721_737,0.9988398987841087,1174.0
1032,S_722_737,0.9443901832417966,492.0
1033,S_725_737,0.937352608546113,470.0
1034,S_731_737,0.9999922375890892,2044.0
1035,S_507_754,0.05935094310276767,-480.0
1036,S_509_754,0.24025307335204216,-200.0
1037,S_511_754,0.999999999300158,3662.0
1038,S_512_754,0.4145013213281905,-60.0
1039,S_521_754,0.9821282046277382,696.0
1040,S_536_754,0.28945998763016223,-156.0
1041,S_538_754,0.7222345336491707,166.0
1042,S_549_754,0.9999798167437353,1878.0
1043,S_553_754,0.7222345336491707,166.0
1044,S_556_754,0.27089003710224746,-172.0
1045,S_559_754,0.9999999999624163,4170.0
1046,S_562_754,0.11886221644630168,-348.0
1047,S_569_754,0.3559661461777074,-103.0
1048,S_570_754,0.05935094310276767,-480.0
1049,S_577_754,1.0,7820.0
1050,S_580_754,0.16474716768603848,-282.0
1051,S_592_754,0.999999999191835,3637.0
1052,S_599_754,0.09678159570481926,-388.0
1053,S_607_754,0.8685409999758518,328.0
1054,S_612_754,0.441268630675239,-41.0
1055,S_628_754,0.6240017586176672,88.0
1056,S_629_754,0.8910109110457655,365.0
1057,S_636_754,1.0,6747.0
1058,S_637_754,0.8083176725494585,250.0
1059,S_640_754,0.9999999999999951,5725.0
1060,S_651_754,0.9999997065731357,2613.0
1061,S_658_754,0.6635740980412954,118.0
1062,S_663_754,0.9850900586106713,728.0
1063,S_666_754,0.9998958990273784,1593.0
1064,S_667_754,0.7222345336491707,166.0
1065,S_670_754,0.9498627119308449,511.0
1066,S_671_754,0.9999999973239144,3429.0
1067,S_686_754,0.008986274270641248,-817.0
1068,S_689_754,0.5658152030692332,46.0
1069,S_694_754,0.7222345336491707,166.0
1070,S_695_754,0.7859966022821575,226.0
1071,S_698_754,0.6558205059123949,112.0
1072,S_701_754,0.4942437915888551,-4.0
1073,S_702_754,0.03582258758132906,-572.0
1074,S_708_754,0.9999999999999969,5802.0
1075,S_720_754,0.999999945361348,2905.0
1076,S_721_754,0.9997262330054648,1425.0
1077,S_722_754,0.9863065799511995,743.0
1078,S_725_754,0.9844865008747646,721.0
1079,S_731_754,0.9999981697972433,2295.0
1080,S_737_754,0.809207997485838,251.0
1081,S_507_765,0.06401322566678602,-466.0
1082,S_509_765,0.25526959313496533,-186.0
1083,S_511_765,0.9999999993543458,3676.0
1084,S_512_765,0.4341847969307667,-46.0
1085,S_521_765,0.9834891447206309,710.0
1086,S_536_765,0.30631208357803463,-142.0
1087,S_538_765,0.7381090325404186,180.0
1088,S_549_765,0.9999813794753638,1892.0
1089,S_553_765,0.7381090325404186,180.0
1090,S_556_765,0.28709784259454607,-158.0
1091,S_559_765,0.9999999999653263,4184.0
1092,S_562_765,0.12756539636424025,-334.0
1093,S_569_765,0.37464860669246325,-89.0
1094,S_570_765,0.06401322566678602,-466.0
1095,S_577_765,1.0,7834.0
1096,S_580_765,0.17613847149442763,-268.0
1097,S_592_765,0.9999999992544101,3651.0
1098,S_599_765,0.10405894915827785,-374.0
1099,S_607_765,0.8774725143294195,342.0
1100,S_612_765,0.46122190794282847,-27.0
1101,S_628_765,0.6427130688326204,102.0
1102,S_629_765,0.8985940288909823,379.0
1103,S_636_765,1.0,6761.0
1104,S_637_765,0.8204952072864231,264.0
1105,S_640_765,0.9999999999999956,5739.0
1106,S_651_765,0.9999997292927529,2627.0
1107,S_658_765,0.6813218351663937,132.0
1108,S_663_765,0.9862286156434745,742.0
1109,S_666_765,0.9999039586429895,1607.0
1110,S_667_765,0.7381090325404186,180.0
1111,S_670_765,0.953564505277882,525.0
1112,S_671_765,0.9999999975311199,3443.0
1113,S_686_765,0.00973312391139236,-803.0
1114,S_689_765,0.5854986786718095,60.0
1115,S_694_765,0.7381090325404186,180.0
1116,S_695_765,0.7992399910868982,240.0
1117,S_698_765,0.6737761878883222,126.0
1118,S_701_765,0.5143871841659986,10.0
1119,S_702_765,0.03871267794717759,-558.0
1120,S_708_765,0.9999999999999971,5816.0
1121,S_720_765,0.9999999495919406,2919.0
1122,S_721_765,0.9997474250392145,1439.0
1123,S_722_765,0.9873534332491494,757.0
1124,S_725_765,0.9856704765188247,735.0
1125,S_731_765,0.9999983115069915,2309.0
1126,S_737_765,0.821341471737012,265.0
1127,S_754_765,0.5201367220358164,14.0
1128,S_507_779,0.004472529855104268,-939.0
1129,S_509_779,0.022020627712812102,-659.0
1130,S_511_779,0.9999999901712113,3203.0
1131,S_512_779,0.04798902801506977,-519.0
1132,S_521_779,0.7964546997117258,237.0
1133,S_536_779,0.02818913504656173,-615.0
1134,S_538_779,0.15621775207570743,-293.0
1135,S_549_779,0.9997166149664926,1419.0
1136,S_553_779,0.15621775207570743,-293.0
1137,S_556_779,0.025772721784294128,-631.0
1138,S_559_779,0.9999999994721628,3711.0
1139,S_562_779,0.009513678745969756,-807.0
1140,S_569_779,0.03786483661488682,-562.0
1141,S_570_779,0.004472529855104268,-939.0
1142,S_577_779,1.0,7361.0
1143,S_580_779,0.013849786325511815,-741.0
1144,S_592_779,0.9999999886498919,3178.0
1145,S_599_779,0.007571799346714592,-847.0
1146,S_607_779,0.31992932426277854,-131.0
1147,S_612_779,0.05324021520202249,-500.0
1148,S_628_779,0.10568003014887228,-371.0
1149,S_629_779,0.3679299878999265,-94.0
1150,S_636_779,0.9999999999999998,6288.0
1151,S_637_779,0.23092407656660707,-209.0
1152,S_640_779,0.9999999999999316,5266.0
1153,S_651_779,0.9999958790417914,2154.0
1154,S_658_779,0.12314773491920306,-341.0
1155,S_663_779,0.8246953134461684,269.0
1156,S_666_779,0.9985399576661176,1134.0
1157,S_667_779,0.15621775207570743,-293.0
1158,S_670_779,0.5742802036545244,52.0
1159,S_671_779,0.999999962416261,2970.0
1160,S_686_779,0.0006452376286311123,-1276.0
1161,S_689_779,0.08491088893958132,-413.0
1162,S_694_779,0.15621775207570743,-293.0
1163,S_695_779,0.2073036158242315,-233.0
1164,S_698_779,0.1194664377525988,-347.0
1165,S_701_779,0.06505575377753392,-463.0
1166,S_702_779,0.002638472739904474,-1031.0
1167,S_708_779,0.9999999999999561,5343.0
1168,S_720_779,0.9999992326390995,2446.0
1169,S_721_779,0.996168816596073,966.0
1170,S_722_779,0.8368309660028947,284.0
1171,S_725_779,0.8187932901343153,262.0
1172,S_731_779,0.9999742967028488,1836.0
1173,S_737_779,0.23194799683241607,-208.0
1174,S_754_779,0.06647037152455837,-459.0
1175,S_765_779,0.06164091317884668,-473.0
1176,S_507_780,0.07280653489759936,-442.0
1177,S_509_780,0.2824082768084686,-162.0
1178,S_511_780,0.9999999994376587,3700.0
1179,S_512_780,0.4683817021718927,-22.0
1180,S_521_780,0.9855889434351225,734.0
1181,S_536_780,0.3364259019587045,-118.0
1182,S_538_780,0.7639246991448386,204.0
1183,S_549_780,0.999983782162049,1916.0
1184,S_553_780,0.7639246991448386,204.0
1185,S_556_780,0.3161836858063414,-134.0
1186,S_559_780,0.9999999999698005,4208.0
1187,S_562_780,0.14374793990184942,-310.0
1188,S_569_780,0.4075337694156682,-65.0
1189,S_570_780,0.07280653489759936,-442.0
1190,S_577_780,1.0,7858.0
1191,S_580_780,0.1970908298461841,-244.0
1192,S_592_780,0.9999999993506183,3675.0
1193,S_599_780,0.11766170295305867,-350.0
1194,S_607_780,0.8915686668733667,366.0
1195,S_612_780,0.4956827602449402,-3.0
1196,S_628_780,0.6737761878883222,126.0
1197,S_629_780,0.9105080840492277,403.0
1198,S_636_780,1.0,6785.0
1199,S_637_780,0.8399506946347535,288.0
1200,S_640_780,0.9999999999999961,5763.0
1201,S_651_780,0.999999764223836,2651.0
1202,S_658_780,0.7105400123698378,156.0
1203,S_663_780,0.9879842735761788,766.0
1204,S_666_780,0.999916350438259,1631.0
1205,S_667_780,0.7639246991448386,204.0
1206,S_670_780,0.9593125811096265,549.0
1207,S_671_780,0.9999999978496953,3467.0
1208,S_686_780,0.011159030173106488,-779.0
1209,S_689_780,0.6185841220890307,84.0
1210,S_694_780,0.7639246991448386,204.0
1211,S_695_780,0.8204952072864231,264.0
1212,S_698_780,0.7033850034718286,150.0
1213,S_701_780,0.5487743358597418,34.0
1214,S_702_780,0.04419462648641148,-534.0
1215,S_708_780,0.9999999999999974,5840.0
1216,S_720_780,0.9999999560964153,2943.0
1217,S_721_780,0.9997800092356217,1463.0
1218,S_722_780,0.9889672969116485,781.0
1219,S_725_780,0.9874963872280051,759.0
1220,S_731_780,0.9999985293837473,2333.0
1221,S_737_780,0.840723042661615,289.0
1222,S_754_780,0.5544693740216761,38.0
1223,S_765_780,0.5344839447268315,24.0
1224,S_779_780,0.9458825630895223,497.0
1225,S_507_783,1.995258333886696e-06,-2280.0
1226,S_509_783,9.999900001056439e-06,-2000.0
1227,S_511_783,0.9999778695426719,1862.0
1228,S_512_783,2.2386710209598704e-05,-1860.0
1229,S_521_783,0.0017347861159993094,-1104.0
1230,S_536_783,1.2882329560426342e-05,-1956.0
1231,S_538_783,8.221750472081624e-05,-1634.0
1232,S_549_783,0.610402422094689,78.0
1233,S_553_783,8.221750472081624e-05,-1634.0
1234,S_556_783,1.1748837512537413e-05,-1972.0
1235,S_559_783,0.9999988114991851,2370.0
1236,S_562_783,4.265776991085879e-06,-2148.0
1237,S_569_783,1.7478027137363128e-05,-1903.0
1238,S_570_783,1.995258333886696e-06,-2280.0
1239,S_577_783,0.9999999999999991,6020.0
1240,S_580_783,6.237309450596307e-06,-2082.0
1241,S_592_783,0.9999744442341032,1837.0
1242,S_599_783,3.388430079853677e-06,-2188.0
1243,S_607_783,0.00020888597062040937,-1472.0
1244,S_612_783,2.497406017232251e-05,-1841.0
1245,S_628_783,5.247799194074698e-05,-1712.0
1246,S_629_783,0.0002584566668383248,-1435.0
1247,S_636_783,0.999999999999571,4947.0
1248,S_637_783,0.00013333436279328037,-1550.0
1249,S_640_783,0.9999999998460073,3925.0
1250,S_651_783,0.9908063329049523,813.0
1251,S_658_783,6.236959333949521e-05,-1682.0
1252,S_663_783,0.002084940073625141,-1072.0
1253,S_666_783,0.23297508185497862,-207.0
1254,S_667_783,8.221750472081624e-05,-1634.0
1255,S_670_783,0.0005987422315782975,-1289.0
1256,S_671_783,0.9999153819039474,1629.0
1257,S_686_783,2.8674765528702295e-07,-2617.0
1258,S_689_783,4.120805373608594e-05,-1754.0
1259,S_694_783,8.221750472081624e-05,-1634.0
1260,S_695_783,0.0001161313733217817,-1574.0
1261,S_698_783,6.025232804562908e-05,-1688.0
1262,S_701_783,3.090199936195415e-05,-1804.0
1263,S_702_783,1.1748961746826936e-06,-2372.0
1264,S_708_783,0.9999999999011447,4002.0
1265,S_720_783,0.9982751542527866,1105.0
1266,S_721_783,0.10352349210181422,-375.0
1267,S_722_783,0.002272542031417024,-1057.0
1268,S_725_783,0.0020027619851386014,-1079.0
1269,S_731_783,0.9452901966235239,495.0
1270,S_737_783,0.00013410400724367388,-1549.0
1271,S_754_783,3.162177663340593e-05,-1800.0
1272,S_765_783,2.917341902675119e-05,-1814.0
1273,S_779_783,0.0004439225066522612,-1341.0
1274,S_780_783,2.5409081417682167e-05,-1838.0
1275,S_507_786,2.645452634730816e-08,-3031.0
1276,S_509_786,1.3258669429028203e-07,-2751.0
1277,S_511_786,0.9983336136712033,1111.0
1278,S_512_786,2.968245862433605e-07,-2611.0
1279,S_521_786,2.3040398888340974e-05,-1855.0
1280,S_536_786,1.7080474290498415e-07,-2707.0
1281,S_538_786,1.090183303964487e-06,-2385.0
1282,S_549_786,0.020350299721446752,-673.0
1283,S_553_786,1.090183303964487e-06,-2385.0
1284,S_556_786,1.557757792758352e-07,-2723.0
1285,S_559_786,0.999910368415946,1619.0
1286,S_562_786,5.655877244326035e-08,-2899.0
1287,S_569_786,2.317394112161253e-07,-2654.0
1288,S_570_786,2.645452634730816e-08,-3031.0
1289,S_577_786,0.9999999999999328,5269.0
1290,S_580_786,8.26989439151049e-08,-2833.0
1291,S_592_786,0.9980761832914432,1086.0
1292,S_599_786,4.492623051355338e-08,-2939.0
1293,S_607_786,2.7701213656250445e-06,-2223.0
1294,S_612_786,3.311310117215527e-07,-2592.0
1295,S_628_786,6.958244705979055e-07,-2463.0
1296,S_629_786,3.427666116606609e-06,-2186.0
1297,S_636_786,0.9999999999676407,4196.0
1298,S_637_786,1.7680690916899167e-06,-2301.0
1299,S_640_786,0.999999988385514,3174.0
1300,S_651_786,0.5882899718631629,62.0
1301,S_658_786,8.269888247536272e-07,-2433.0
1302,S_663_786,2.770052305134385e-05,-1823.0
1303,S_666_786,0.004011017293364505,-958.0
1304,S_667_786,1.090183303964487e-06,-2385.0
1305,S_670_786,7.943219252015687e-06,-2040.0
1306,S_671_786,0.9936578447989801,878.0
1307,S_686_786,3.8018939108042105e-09,-3368.0
1308,S_689_786,5.463862512433693e-07,-2505.0
1309,S_694_786,1.090183303964487e-06,-2385.0
1310,S_695_786,1.539924154747574e-06,-2325.0
1311,S_698_786,7.989133034014273e-07,-2439.0
1312,S_701_786,4.0973194193050233e-07,-2555.0
1313,S_702_786,1.5577580114722878e-08,-3123.0
1314,S_708_786,0.9999999925441013,3251.0
1315,S_720_786,0.8847078164911641,354.0
1316,S_721_786,0.0015287468165990914,-1126.0
1317,S_722_786,3.0198605220799202e-05,-1808.0
1318,S_725_786,2.6606542670948308e-05,-1830.0
1319,S_731_786,0.18638778949441315,-256.0
1320,S_737_786,1.7782762476992175e-06,-2300.0
1321,S_754_786,4.192758208398928e-07,-2551.0
1322,S_765_786,3.8681190495104545e-07,-2565.0
1323,S_779_786,5.888401879983185e-06,-2092.0
1324,S_780_786,3.3689910217127306e-07,-2589.0
1325,S_783_786,0.01308517909074125,-751.0
1326,S_507_790,0.00194605010447102,-1084.0
1327,S_509_790,0.009677797173410996,-804.0
1328,S_511_790,0.9999999773535574,3058.0
1329,S_512_790,0.02140923325046018,-664.0
1330,S_521_790,0.6293885472175023,92.0
1331,S_536_790,0.01243273525444244,-760.0
1332,S_538_790,0.07437628354834391,-438.0
1333,S_549_790,0.9993472957484411,1274.0
1334,S_553_790,0.07437628354834391,-438.0
1335,S_556_790,0.01135120692161462,-776.0
1336,S_559_790,0.999999998783814,3566.0
1337,S_562_790,0.004151387969270504,-952.0
1338,S_569_790,0.01679363391932287,-707.0
1339,S_570_790,0.00194605010447102,-1084.0
1340,S_577_790,1.0,7216.0
1341,S_580_790,0.006058440541901411,-886.0
1342,S_592_790,0.9999999738482962,3033.0
1343,S_599_790,0.003300382620840314,-992.0
1344,S_607_790,0.16955508864676283,-276.0
1345,S_612_790,0.023824720020687362,-645.0
1346,S_628_790,0.04878418588989808,-516.0
1347,S_629_790,0.2016852558450225,-239.0
1348,S_636_790,0.9999999999999996,6143.0
1349,S_637_790,0.11529218350883574,-354.0
1350,S_640_790,0.9999999999998425,5121.0
1351,S_651_790,0.9999905049801643,2009.0
1352,S_658_790,0.05745179107664211,-486.0
1353,S_663_790,0.6712405808158317,124.0
1354,S_666_790,0.9966423198407088,989.0
1355,S_667_790,0.07437628354834391,-438.0
1356,S_670_790,0.3692697113837978,-93.0
1357,S_671_790,0.9999999134035752,2825.0
1358,S_686_790,0.0002801420606008964,-1421.0
1359,S_689_790,0.03871267794717759,-558.0
1360,S_694_790,0.07437628354834391,-438.0
1361,S_695_790,0.10193172098897374,-378.0
1362,S_698_790,0.05560981675820342,-492.0
1363,S_701_790,0.029314241270450347,-608.0
1364,S_702_790,0.001146836876583679,-1176.0
1365,S_708_790,0.9999999999998989,5198.0
1366,S_720_790,0.9999982319309083,2301.0
1367,S_721_790,0.9912164816137026,821.0
1368,S_722_790,0.6900062072803139,139.0
1369,S_725_790,0.6622877974308888,117.0
1370,S_731_790,0.9999407791986235,1691.0
1371,S_737_790,0.11588064366158635,-353.0
1372,S_754_790,0.029976589159516065,-604.0
1373,S_765_790,0.02771988372627221,-618.0
1374,S_779_790,0.3026549214101468,-145.0
1375,S_780_790,0.024229675948180596,-642.0
1376,S_783_790,0.9989777530658434,1196.0
1377,S_786_790,0.9999864326787717,1947.0
1378,S_507_793,7.079407725596454e-06,-2060.0
1379,S_509_793,3.5480080042615825e-05,-1780.0
1380,S_511_793,0.9999937626905494,2082.0
1381,S_512_793,7.942651440007165e-05,-1640.0
1382,S_521_793,0.006128164065282493,-884.0
1383,S_536_793,4.570672976100809e-05,-1736.0
1384,S_538_793,0.0002916576124204484,-1414.0
1385,S_549_793,0.8475387239958501,298.0
1386,S_553_793,0.0002916576124204484,-1414.0
1387,S_556_793,4.1685200618646334e-05,-1752.0
1388,S_559_793,0.9999996650346731,2590.0
1389,S_562_793,1.513538340114362e-05,-1928.0
1390,S_569_793,6.201161868601979e-05,-1683.0
1391,S_570_793,7.079407725596454e-06,-2060.0
1392,S_577_793,0.9999999999999998,6240.0
1393,S_580_793,2.2130457328017883e-05,-1862.0
1394,S_592_793,0.9999927972743673,2057.0
1395,S_599_793,1.2022499803809872e-05,-1968.0
1396,S_607_793,0.0007407611075056497,-1252.0
1397,S_612_793,8.860567070534398e-05,-1621.0
1398,S_628_793,0.00018617404643661573,-1492.0
1399,S_629_793,0.000916435311332231,-1215.0
1400,S_636_793,0.9999999999998791,5167.0
1401,S_637_793,0.0004729274927229854,-1330.0
1402,S_640_793,0.9999999999565989,4145.0
1403,S_651_793,0.9973916508295311,1033.0
1404,S_658_793,0.00022126050391557683,-1462.0
1405,S_663_793,0.007358552708171873,-852.0
1406,S_666_793,0.5186997779295586,13.0
1407,S_667_793,0.0002916576124204484,-1414.0
1408,S_670_793,0.00212118137045747,-1069.0
1409,S_671_793,0.9999761499308847,1849.0
1410,S_686_793,1.0174183309175078e-06,-2397.0
1411,S_689_793,0.00014619634095036638,-1534.0
1412,S_694_793,0.0002916576124204484,-1414.0
1413,S_695_793,0.0004119277646874586,-1354.0
1414,S_698_793,0.00021375050990146693,-1468.0
1415,S_701_793,0.0001096357982880436,-1584.0
1416,S_702_793,4.168676456806075e-06,-2152.0
1417,S_708_793,0.9999999999721388,4222.0
1418,S_720_793,0.9995132694967828,1325.0
1419,S_721_793,0.29064536940123664,-155.0
1420,S_722_793,0.008016859841470492,-837.0
1421,S_725_793,0.0070699873709551,-859.0
1422,S_731_793,0.9839500729693956,715.0
1423,S_737_793,0.0004756564342772718,-1329.0
1424,S_754_793,0.00011218925758849085,-1580.0
1425,S_765_793,0.00010350350258392371,-1594.0
1426,S_779_793,0.001573316796393498,-1121.0
1427,S_780_793,9.014898618819878e-05,-1618.0
1428,S_783_793,0.7801296039931584,220.0
1429,S_786_793,0.9962771104445375,971.0
1430,S_790_793,0.0036176456701731974,-976.0
1431,S_507_802,0.012362254480850154,-761.0
1432,S_509_802,0.05903038296052909,-481.0
1433,S_511_802,0.9999999964722321,3381.0
1434,S_512_802,0.12314773491920306,-341.0
1435,S_521_802,0.9159794127382721,415.0
1436,S_536_802,0.07477355632644822,-437.0
1437,S_538_802,0.3402920058552519,-115.0
1438,S_549_802,0.9998982684137505,1597.0
1439,S_553_802,0.3402920058552519,-115.0
1440,S_556_802,0.06864593348005565,-453.0
1441,S_559_802,0.9999999998105477,3889.0
1442,S_562_802,0.026063377637923768,-629.0
1443,S_569_802,0.0988131708783323,-384.0
1444,S_570_802,0.012362254480850154,-761.0
1445,S_577_802,1.0,7539.0
1446,S_580_802,0.03765567938957781,-563.0
1447,S_592_802,0.9999999959261973,3356.0
1448,S_599_802,0.020814452641951253,-669.0
1449,S_607_802,0.5672288443429522,47.0
1450,S_612_802,0.13545299458869553,-322.0
1451,S_628_802,0.24768500639431767,-193.0
1452,S_629_802,0.6185841220890307,84.0
1453,S_636_802,0.9999999999999999,6466.0
1454,S_637_802,0.45550542691699203,-31.0
1455,S_640_802,0.9999999999999755,5444.0
1456,S_651_802,0.9999985208937996,2332.0
1457,S_658_802,0.281243170101218,-163.0
1458,S_663_802,0.9291127058412667,447.0
1459,S_666_802,0.9994754678181524,1312.0
1460,S_667_802,0.3402920058552519,-115.0
1461,S_670_802,0.7898441797581306,230.0
1462,S_671_802,0.9999999865103714,3148.0
1463,S_686_802,0.0017956407891392967,-1098.0
1464,S_689_802,0.20541808496377045,-235.0
1465,S_694_802,0.3402920058552519,-115.0
1466,S_695_802,0.42150324765525726,-55.0
1467,S_698_802,0.2743143537282129,-169.0
1468,S_701_802,0.1623845416286026,-285.0
1469,S_702_802,0.007316624196082033,-853.0
1470,S_708_802,0.9999999999999842,5521.0
1471,S_720_802,0.9999997245772055,2624.0
1472,S_721_802,0.9986215185694729,1144.0
1473,S_722_802,0.934593240137214,462.0
1474,S_725_802,0.9264124438824265,440.0
1475,S_731_802,0.9999907743708415,2014.0
1476,S_737_802,0.4569335079777881,-30.0
1477,S_754_802,0.16554081829101697,-281.0
1478,S_765_802,0.15470618938200043,-295.0
1479,S_779_802,0.7358774441014764,178.0
1480,S_780_802,0.13748809600868894,-319.0
1481,S_783_802,0.9998406211176061,1519.0
1482,S_786_802,0.999997886515427,2270.0
1483,S_790_802,0.8652197052285583,323.0
1484,S_793_802,0.9994347319515985,1299.0
1485,S_507_804,0.024780072184860447,-638.0
1486,S_509_804,0.11296427311587842,-358.0
1487,S_511_804,0.9999999982621992,3504.0
1488,S_512_804,0.22185154578086752,-218.0
1489,S_521_804,0.9567678748368029,538.0
1490,S_536_804,0.14093699762332623,-314.0
1491,S_538_804,0.5115108912177917,8.0
1492,S_549_804,0.9999498837883978,1720.0
1493,S_553_804,0.5115108912177917,8.0
1494,S_556_804,0.13015005092569087,-330.0
1495,S_559_804,0.9999999999066745,4012.0
1496,S_562_804,0.05152588759746679,-506.0
1497,S_569_804,0.18206236894188432,-261.0
1498,S_570_804,0.024780072184860447,-638.0
1499,S_577_804,1.0,7662.0
1500,S_580_804,0.07358755611757362,-440.0
1501,S_592_804,0.9999999979932189,3479.0
1502,S_599_804,0.04136684922393774,-546.0
1503,S_607_804,0.7268300722767311,170.0
1504,S_612_804,0.24130537985314437,-199.0
1505,S_628_804,0.40060320329074317,-70.0
1506,S_629_804,0.7670249181450213,207.0
1507,S_636_804,1.0,6589.0
1508,S_637_804,0.6293885472175023,92.0
1509,S_640_804,0.9999999999999879,5567.0
1510,S_651_804,0.9999992713823563,2455.0
1511,S_658_804,0.44268836623770724,-40.0
1512,S_663_804,0.9637776316605438,570.0
1513,S_666_804,0.9997415433331618,1435.0
1514,S_667_804,0.5115108912177917,8.0
1515,S_670_804,0.8841193563384135,353.0
1516,S_671_804,0.9999999933549233,3271.0
1517,S_686_804,0.0036384545777982114,-975.0
1518,S_689_804,0.34417949408760495,-112.0
1519,S_694_804,0.5115108912177917,8.0
1520,S_695_804,0.596629173305774,68.0
1521,S_698_804,0.4341847969307667,-46.0
1522,S_701_804,0.2824082768084686,-162.0
1523,S_702_804,0.014741784721595041,-730.0
1524,S_708_804,0.9999999999999922,5644.0
1525,S_720_804,0.9999998643249653,2747.0
1526,S_721_804,0.9993204760218191,1267.0
1527,S_722_804,0.9666742338227894,585.0
1528,S_725_804,0.9623443206104222,563.0
1529,S_731_804,0.9999954553752816,2137.0
1530,S_737_804,0.6307302886162023,93.0
1531,S_754_804,0.28709784259454607,-158.0
1532,S_765_804,0.27089003710224746,-172.0
1533,S_779_804,0.8497568518427462,301.0
1534,S_780_804,0.24448111792880312,-196.0
1535,S_783_804,0.9999214826020049,1642.0
1536,S_786_804,0.9999989588829763,2393.0
1537,S_790_804,0.9287326342558505,446.0
1538,S_793_804,0.9997214654862275,1422.0
1539,S_802_804,0.6699690139034831,123.0
1540,S_507_810,4.2169648661882775e-08,-2950.0
1541,S_509_810,2.1134885930251812e-07,-2670.0
1542,S_511_810,0.9989539667831926,1192.0
1543,S_512_810,4.7315103524070423e-07,-2530.0
1544,S_521_810,3.6726881136428524e-05,-1774.0
1545,S_536_810,2.7227005672258997e-07,-2626.0
1546,S_538_810,1.7377978088761736e-06,-2304.0
1547,S_549_810,0.03205177802787107,-592.0
1548,S_553_810,1.7377978088761736e-06,-2304.0
1549,S_556_810,2.4831324896279483e-07,-2642.0
1550,S_559_810,0.9999437690295808,1700.0
1551,S_562_810,9.015710566995239e-08,-2818.0
1552,S_569_810,3.694025078049279e-07,-2573.0
1553,S_570_810,4.2169648661882775e-08,-2950.0
1554,S_577_810,0.9999999999999578,5350.0
1555,S_580_810,1.3182565650193823e-07,-2752.0
1556,S_592_810,0.9987922552282944,1167.0
1557,S_599_810,7.161433601687861e-08,-2858.0
1558,S_607_810,4.415684975223044e-06,-2142.0
1559,S_612_810,5.278369281658257e-07,-2511.0
1560,S_628_810,1.1091735850898843e-06,-2382.0
1561,S_629_810,5.463835645036497e-06,-2105.0
1562,S_636_810,0.9999999999796998,4277.0
1563,S_637_810,2.818374987945127e-06,-2220.0
1564,S_640_810,0.9999999927138183,3255.0
1565,S_651_810,0.6949097127295026,143.0
1566,S_658_810,1.3182550008261629e-06,-2352.0
1567,S_663_810,4.4155094976905396e-05,-1742.0
1568,S_666_810,0.006378535321028611,-877.0
1569,S_667_810,1.7377978088761736e-06,-2304.0
1570,S_670_810,1.2661772352484668e-05,-1959.0
1571,S_671_810,0.9960119138317938,959.0
1572,S_686_810,6.0603819740379095e-09,-3287.0
1573,S_689_810,8.709628313008366e-07,-2424.0
1574,S_694_810,1.7377978088761736e-06,-2304.0
1575,S_695_810,2.454702890064553e-06,-2244.0
1576,S_698_810,1.2735014591758187e-06,-2358.0
1577,S_701_810,6.531301262047151e-07,-2474.0
1578,S_702_810,2.4831330325270073e-08,-3042.0
1579,S_708_810,0.9999999953226486,3332.0
1580,S_720_810,0.9244260414259254,435.0
1581,S_721_810,0.0024346769490555253,-1045.0
1582,S_722_810,4.813700811678867e-05,-1727.0
1583,S_725_810,4.241129959647871e-05,-1749.0
1584,S_731_810,0.2674927102443324,-175.0
1585,S_737_810,2.834645598359664e-06,-2219.0
1586,S_754_810,6.683434708998348e-07,-2470.0
1587,S_765_810,6.165946218050777e-07,-2484.0
1588,S_779_810,9.386332262661945e-06,-2011.0
1589,S_780_810,5.370315079300525e-07,-2508.0
1590,S_783_810,0.020697452018431317,-670.0
1591,S_786_810,0.6145013610085578,81.0
1592,S_790_810,2.1626717512268634e-05,-1866.0
1593,S_793_810,0.0059213501937999125,-890.0
1594,S_802_810,3.3689808074388594e-06,-2189.0
1595,S_804_810,1.6595841532129896e-06,-2312.0
1596,S_507_811,0.07843767494302178,-428.0
1597,S_509_811,0.299022601389892,-148.0
1598,S_511_811,0.9999999994812,3714.0
1599,S_512_811,0.4884891087822083,-8.0
1600,S_521_811,0.9866899192234028,748.0
1601,S_536_811,0.3546475495606175,-104.0
1602,S_538_811,0.7781484542191325,218.0
1603,S_549_811,0.9999850378673079,1930.0
1604,S_553_811,0.7781484542191325,218.0
1605,S_556_811,0.33386057541687786,-120.0
1606,S_559_811,0.9999999999721388,4222.0
1607,S_562_811,0.1539548995679052,-296.0
1608,S_569_811,0.4271277486054955,-51.0
1609,S_570_811,0.07843767494302178,-428.0
1610,S_577_811,1.0,7872.0
1611,S_580_811,0.2101558202418694,-230.0
1612,S_592_811,0.999999999400899,3689.0
1613,S_599_811,0.12628957905491867,-336.0
1614,S_607_811,0.8991173716432767,380.0
1615,S_612_811,0.5158249852647351,11.0
1616,S_628_811,0.691236152414763,140.0
1617,S_629_811,0.9168612275957299,417.0
1618,S_636_811,1.0,6799.0
1619,S_637_811,0.8504903015468026,302.0
1620,S_640_811,0.9999999999999963,5777.0
1621,S_651_811,0.9999997824796439,2665.0
1622,S_658_811,0.7268300722767311,170.0
1623,S_663_811,0.9889043111336923,780.0
1624,S_666_811,0.9999228268046032,1645.0
1625,S_667_811,0.7781484542191325,218.0
1626,S_670_811,0.9623443206104222,563.0
1627,S_671_811,0.9999999980161903,3481.0
1628,S_686_811,0.012084255714317593,-765.0
1629,S_689_811,0.6374083767444845,98.0
1630,S_694_811,0.7781484542191325,218.0
1631,S_695_811,0.8320598405303332,278.0
1632,S_698_811,0.7199190059471519,164.0
1633,S_701_811,0.5686413918836677,48.0
1634,S_702_811,0.047726721034203834,-520.0
1635,S_708_811,0.9999999999999977,5854.0
1636,S_720_811,0.9999999594958071,2957.0
1637,S_721_811,0.999797039349402,1477.0
1638,S_722_811,0.9898128410219638,795.0
1639,S_725_811,0.9884533453780275,773.0
1640,S_731_811,0.9999986432513105,2347.0
1641,S_737_811,0.8512207976249028,303.0
1642,S_754_811,0.5742802036545244,52.0
1643,S_765_811,0.5544693740216761,38.0
1644,S_779_811,0.9498627119308449,511.0
1645,S_780_811,0.5201367220358164,14.0
1646,S_783_811,0.9999765582613748,1852.0
1647,S_786_811,0.9999996891865063,2603.0
1648,S_790_811,0.9776043775428296,656.0
1649,S_793_811,0.9999168305406241,1632.0
1650,S_802_811,0.8717925780331441,333.0
1651,S_804_811,0.770096676660982,210.0
1652,S_810_811,0.9999995045500547,2522.0
1653,S_507_825,0.0008504142183128893,-1228.0
1654,S_509_825,0.0042476754744168455,-948.0
1655,S_511_825,0.9999999481199988,2914.0
1656,S_512_825,0.009459587500912359,-808.0
1657,S_521_825,0.4257197963454755,-52.0
1658,S_536_825,0.005465374273036727,-904.0
1659,S_538_825,0.03388660826033585,-582.0
1660,S_549_825,0.9985059997203941,1130.0
1661,S_553_825,0.03388660826033585,-582.0
1662,S_556_825,0.004986878736687905,-920.0
1663,S_559_825,0.9999999972138789,3422.0
1664,S_562_825,0.001816395562046269,-1096.0
1665,S_569_825,0.007400719703709702,-851.0
1666,S_570_825,0.0008504142183128893,-1228.0
1667,S_577_825,1.0,7072.0
1668,S_580_825,0.002653664388460042,-1030.0
1669,S_592_825,0.9999999400899098,2889.0
1670,S_599_825,0.0014433534902079659,-1136.0
1671,S_607_825,0.08183182475515194,-420.0
1672,S_612_825,0.010541384013595279,-789.0
1673,S_628_825,0.021896998648233357,-660.0
1674,S_629_825,0.09932696400964391,-383.0
1675,S_636_825,0.999999999999999,5999.0
1676,S_637_825,0.05382352603126095,-498.0
1677,S_640_825,0.999999999999639,4977.0
1678,S_651_825,0.9999782484328008,1865.0
1679,S_658_825,0.025917653106862226,-630.0
1680,S_663_825,0.4712494361077314,-20.0
1681,S_666_825,0.9923411948524736,845.0
1682,S_667_825,0.03388660826033585,-582.0
1683,S_670_825,0.20354530028827422,-237.0
1684,S_671_825,0.9999998016190736,2681.0
1685,S_686_825,0.00012230575137839317,-1565.0
1686,S_689_825,0.017275545250193702,-702.0
1687,S_694_825,0.03388660826033585,-582.0
1688,S_695_825,0.047206187614406536,-522.0
1689,S_698_825,0.025059821239381996,-636.0
1690,S_701_825,0.013011048363752109,-752.0
1691,S_702_825,0.0005009361708137039,-1320.0
1692,S_708_825,0.9999999999997683,5054.0
1693,S_720_825,0.9999959495969545,2157.0
1694,S_721_825,0.9801037131100339,677.0
1695,S_722_825,0.49280491829094863,-5.0
1696,S_725_825,0.46122190794282847,-27.0
1697,S_731_825,0.9998643433521929,1547.0
1698,S_737_825,0.054117436910477656,-497.0
1699,S_754_825,0.013310080776597233,-748.0
1700,S_765_825,0.012292168287275085,-762.0
1701,S_779_825,0.15927695733838498,-289.0
1702,S_780_825,0.010723039231975484,-786.0
1703,S_783_825,0.9976612537410521,1052.0
1704,S_786_825,0.9999689196069934,1803.0
1705,S_790_825,0.30387122957040025,-144.0
1706,S_793_825,0.9917509746929465,832.0
1707,S_802_825,0.06366918853058401,-467.0
1708,S_804_825,0.03241089107939232,-590.0
1709,S_810_825,0.9999504574355068,1722.0
1710,S_811_825,0.00990099009900991,-800.0
1711,S_507_829,0.00019607166591018022,-1483.0
1712,S_509_829,0.0009819137706996717,-1203.0
1713,S_511_829,0.9999997748355091,2659.0
1714,S_512_829,0.002195560616259362,-1063.0
1715,S_521_829,0.14588663805437563,-307.0
1716,S_536_829,0.0012645920495715224,-1159.0
1717,S_538_829,0.008016859841470492,-837.0
1718,S_549_829,0.9935480812594234,875.0
1719,S_553_829,0.008016859841470492,-837.0
1720,S_556_829,0.001153450001407652,-1175.0
1721,S_559_829,0.9999999879079483,3167.0
1722,S_562_829,0.0004191002779977415,-1351.0
1723,S_569_829,0.0017149622391433583,-1106.0
1724,S_570_829,0.00019607166591018022,-1483.0
1725,S_577_829,1.0,6817.0
1726,S_580_829,0.0006126801850135921,-1285.0
1727,S_592_829,0.9999997399841113,2634.0
1728,S_599_829,0.00033293188175520516,-1391.0
1729,S_607_829,0.020122039154696236,-675.0
1730,S_612_829,0.0024486980746892817,-1044.0
1731,S_628_829,0.005131750941908431,-915.0
1732,S_629_829,0.024780072184860447,-638.0
1733,S_636_829,0.9999999999999957,5744.0
1734,S_637_829,0.012937332100077303,-753.0
1735,S_640_829,0.9999999999984333,4722.0
1736,S_651_829,0.9999056028240395,1610.0
1737,S_658_829,0.006093203186436358,-885.0
1738,S_663_829,0.17036717656865663,-275.0
1739,S_666_829,0.9675891089206078,590.0
1740,S_667_829,0.008016859841470492,-837.0
1741,S_670_829,0.05560981675820342,-492.0
1742,S_671_829,0.9999991390069891,2426.0
1743,S_686_829,2.818303500673469e-05,-1820.0
1744,S_689_829,0.004034079736332519,-957.0
1745,S_694_829,0.008016859841470492,-837.0
1746,S_695_829,0.011286787224958017,-777.0
1747,S_698_829,0.0058875621887131135,-891.0
1748,S_701_829,0.0030281883148747246,-1007.0
1749,S_702_829,0.00011546486479430129,-1575.0
1750,S_708_829,0.9999999999989942,4799.0
1751,S_720_829,0.9999824210728845,1902.0
1752,S_721_829,0.9190290491945514,422.0
1753,S_722_829,0.18292116580002582,-260.0
1754,S_725_829,0.16474716768603848,-282.0
1755,S_731_829,0.9994115028774412,1292.0
1756,S_737_829,0.013011048363752109,-752.0
1757,S_754_829,0.003098505327087442,-1003.0
1758,S_765_829,0.0028592784592887943,-1017.0
1759,S_779_829,0.0418258199629894,-544.0
1760,S_780_829,0.002491246579572004,-1041.0
1761,S_783_829,0.9899282779884474,797.0
1762,S_786_829,0.9998651219062951,1548.0
1763,S_790_829,0.09138595328508625,-399.0
1764,S_793_829,0.9651583609532981,577.0
1765,S_802_829,0.015425826400872866,-722.0
1766,S_804_829,0.007658805147526371,-845.0
1767,S_810_829,0.9997850157602276,1467.0
1768,S_811_829,0.0022987963355656227,-1055.0
1769,S_825_829,0.18726231836346519,-255.0
1770,S_507_830,0.011612540099697588,-772.0
1771,S_509_830,0.05560981675820342,-492.0
1772,S_511_830,0.9999999962416259,3370.0
1773,S_512_830,0.11647171194356076,-352.0
1774,S_521_830,0.9109760314653452,404.0
1775,S_536_830,0.07050909562522967,-448.0
1776,S_538_830,0.32622381211167784,-126.0
1777,S_549_830,0.9998916190563001,1586.0
1778,S_553_830,0.32622381211167784,-126.0
1779,S_556_830,0.06470650095392172,-464.0
1780,S_559_830,0.9999999997981633,3878.0
1781,S_562_830,0.024503367550335886,-640.0
1782,S_569_830,0.09331596833848044,-395.0
1783,S_570_830,0.011612540099697588,-772.0
1784,S_577_830,1.0,7528.0
1785,S_580_830,0.03542705695208459,-574.0
1786,S_592_830,0.9999999956598974,3345.0
1787,S_599_830,0.0195623038725794,-680.0
1788,S_607_830,0.5516235473109605,36.0
1789,S_612_830,0.12820742196685597,-333.0
1790,S_628_830,0.23607530085516137,-204.0
1791,S_629_830,0.6035363185261781,73.0
1792,S_636_830,0.9999999999999999,6455.0
1793,S_637_830,0.4398498547680971,-42.0
1794,S_640_830,0.9999999999999738,5433.0
1795,S_651_830,0.9999984242064603,2321.0
1796,S_658_830,0.26862214216061175,-174.0
1797,S_663_830,0.9248272212397116,436.0
1798,S_666_830,0.9994411989056805,1301.0
1799,S_667_830,0.32622381211167784,-126.0
1800,S_670_830,0.7791406208194696,219.0
1801,S_671_830,0.9999999856285696,3137.0
1802,S_686_830,0.0016856496470371019,-1109.0
1803,S_689_830,0.19527530650074054,-246.0
1804,S_694_830,0.32622381211167784,-126.0
1805,S_695_830,0.40614461476382213,-66.0
1806,S_698_830,0.2618909674595813,-180.0
1807,S_701_830,0.1539548995679052,-296.0
1808,S_702_830,0.006870775555950948,-864.0
1809,S_708_830,0.9999999999999832,5510.0
1810,S_720_830,0.9999997065731357,2613.0
1811,S_721_830,0.998531541127256,1133.0
1812,S_722_830,0.9306143375182546,451.0
1813,S_725_830,0.9219774236826269,429.0
1814,S_731_830,0.9999901713078742,2003.0
1815,S_737_830,0.441268630675239,-41.0
1816,S_754_830,0.1569780355859638,-292.0
1817,S_765_830,0.14660537788811812,-306.0
1818,S_779_830,0.7233878694391705,167.0
1819,S_780_830,0.13015005092569087,-330.0
1820,S_783_830,0.9998302044701719,1508.0
1821,S_786_830,0.9999977483596532,2259.0
1822,S_790_830,0.8576633185538569,312.0
1823,S_793_830,0.999397803273336,1288.0
1824,S_802_830,0.48417501473526503,-11.0
1825,S_804_830,0.3161836858063414,-134.0
1826,S_810_830,0.999996410793536,2178.0
1827,S_811_830,0.12129504878814856,-344.0
1828,S_825_830,0.9324499710034237,456.0
1829,S_829_830,0.9835823598912878,711.0
1830,S_507_836,0.08011834302901921,-424.0
1831,S_509_836,0.30387122957040025,-144.0
1832,S_511_836,0.9999999994930093,3718.0
1833,S_512_836,0.4942437915888551,-4.0
1834,S_521_836,0.9869889516362479,752.0
1835,S_536_836,0.3599350001971149,-100.0
1836,S_538_836,0.7820980161313186,222.0
1837,S_549_836,0.9999853784420485,1934.0
1838,S_553_836,0.7820980161313186,222.0
1839,S_556_836,0.33900090875364175,-116.0
1840,S_559_836,0.999999999972773,4226.0
1841,S_562_836,0.1569780355859638,-292.0
1842,S_569_836,0.4327711556570478,-47.0
1843,S_570_836,0.08011834302901921,-424.0
1844,S_577_836,1.0,7876.0
1845,S_580_836,0.2140033977178425,-226.0
1846,S_592_836,0.9999999994145362,3693.0
1847,S_599_836,0.12885220159544453,-332.0
1848,S_607_836,0.9011868291216677,384.0
1849,S_612_836,0.5215733330511454,15.0
1850,S_628_836,0.6961287704295998,144.0
1851,S_629_836,0.9185996494207046,421.0
1852,S_636_836,1.0,6803.0
1853,S_637_836,0.8533946221118818,306.0
1854,S_640_836,0.9999999999999964,5781.0
1855,S_651_836,0.9999997874310107,2669.0
1856,S_658_836,0.7313778578393884,174.0
1857,S_663_836,0.9891541405229187,784.0
1858,S_666_836,0.9999245833485155,1649.0
1859,S_667_836,0.7820980161313186,222.0
1860,S_670_836,0.9631698996766197,567.0
1861,S_671_836,0.9999999980613473,3485.0
1862,S_686_836,0.012362254480850154,-761.0
1863,S_689_836,0.6427130688326204,102.0
1864,S_694_836,0.7820980161313186,222.0
1865,S_695_836,0.8352528323139614,282.0
1866,S_698_836,0.724538242842536,168.0
1867,S_701_836,0.5742802036545244,52.0
1868,S_702_836,0.04878418588989808,-516.0
1869,S_708_836,0.9999999999999978,5858.0
1870,S_720_836,0.999999960417795,2961.0
1871,S_721_836,0.9998016583815181,1481.0
1872,S_722_836,0.9900424200270771,799.0
1873,S_725_836,0.9887132127750421,777.0
1874,S_731_836,0.9999986741346402,2351.0
1875,S_737_836,0.8541133619456244,307.0
1876,S_754_836,0.5798997603578815,56.0
1877,S_765_836,0.5601501452319029,42.0
1878,S_779_836,0.9509479946527073,515.0
1879,S_780_836,0.5258809308911692,18.0
1880,S_783_836,0.9999770918482678,1856.0
1881,S_786_836,0.9999996962614831,2607.0
1882,S_790_836,0.9781030013517666,660.0
1883,S_793_836,0.9999187235547811,1636.0
1884,S_802_836,0.8743442268185462,337.0
1885,S_804_836,0.7741479777018306,214.0
1886,S_810_836,0.9999995158278668,2526.0
1887,S_811_836,0.5057562084111449,4.0
1888,S_825_836,0.9903222028265891,804.0
1889,S_829_836,0.9977534131003513,1059.0
1890,S_830_836,0.8811377835536982,348.0
1891,S_507_842,0.29661499652817136,-150.0
1892,S_509_842,0.6788169197947567,130.0
1893,S_511_842,0.9999999998952871,3992.0
1894,S_512_842,0.8255259873611817,270.0
1895,S_521_842,0.9972846916654763,1026.0
1896,S_536_842,0.7313778578393884,174.0
1897,S_538_842,0.9455871395661247,496.0
1898,S_549_842,0.9999969800573997,2208.0
1899,S_553_842,0.9455871395661247,496.0
1900,S_556_842,0.7129021574054539,158.0
1901,S_559_842,0.9999999999943766,4500.0
1902,S_562_842,0.47411906910883095,-18.0
1903,S_569_842,0.7869632793894692,227.0
1904,S_570_842,0.29661499652817136,-150.0
1905,S_577_842,1.0,8150.0
1906,S_580_842,0.5686413918836677,48.0
1907,S_592_842,0.9999999998790795,3967.0
1908,S_599_842,0.41729811503576986,-58.0
1909,S_607_842,0.9778550610240091,658.0
1910,S_612_842,0.840723042661615,289.0
1911,S_628_842,0.9172989722099867,418.0
1912,S_629_842,0.9820268840033545,695.0
1913,S_636_842,1.0,7077.0
1914,S_637_842,0.965734448715175,580.0
1915,S_640_842,0.9999999999999992,6055.0
1916,S_651_842,0.9999999560964153,2943.0
1917,S_658_842,0.9294909043747703,448.0
1918,S_663_842,0.9977404727180039,1058.0
1919,S_666_842,0.9999844226623089,1923.0
1920,S_667_842,0.9455871395661247,496.0
1921,S_670_842,0.9921641962431726,841.0
1922,S_671_842,0.9999999995995945,3759.0
1923,S_686_842,0.057140865332443225,-487.0
1924,S_689_842,0.897009526377273,376.0
1925,S_694_842,0.9455871395661247,496.0
1926,S_695_842,0.960856597248307,556.0
1927,S_698_842,0.9271934651024005,442.0
1928,S_701_842,0.8672208959675437,326.0
1929,S_702_842,0.19891906017105432,-242.0
1930,S_708_842,0.9999999999999996,6132.0
1931,S_720_842,0.9999999918247697,3235.0
1932,S_721_842,0.9999590284677539,1755.0
1933,S_722_842,0.9979270025198161,1073.0
1934,S_725_842,0.9976477837705413,1051.0
1935,S_731_842,0.9999997261581116,2625.0
1936,S_737_842,0.9659244284031272,581.0
1937,S_754_842,0.8698499490743091,330.0
1938,S_765_842,0.8604511617577121,316.0
1939,S_779_842,0.9894586159864048,789.0
1940,S_780_842,0.8430219644140362,292.0
1941,S_783_842,0.9999952685097975,2130.0
1942,S_786_842,0.9999999372664343,2881.0
1943,S_790_842,0.9953974710065774,934.0
1944,S_793_842,0.9999832122416523,1910.0
1945,S_802_842,0.9711731836042777,611.0
1946,S_804_842,0.9431684791599028,488.0
1947,S_810_842,0.99999990000001,2800.0
1948,S_811_842,0.8320598405303332,278.0
1949,S_825_842,0.9979856992332324,1078.0
1950,S_829_842,0.9995351657951552,1333.0
1951,S_830_842,0.9728939944716963,622.0
1952,S_836_842,0.8288176477542758,274.0
1953,S_507_845,0.06197471592535808,-472.0
1954,S_509_845,0.24875920646628935,-192.0
1955,S_511_845,0.9999999993316561,3670.0
1956,S_512_845,0.4257197963454755,-52.0
1957,S_521_845,0.9829188284532066,704.0
1958,S_536_845,0.299022601389892,-148.0
1959,S_538_845,0.7313778578393884,174.0
1960,S_549_845,0.9999807251223961,1886.0
1961,S_553_845,0.7313778578393884,174.0
1962,S_556_845,0.28008099405284814,-164.0
1963,S_559_845,0.9999999999641078,4178.0
1964,S_562_845,0.1237706810689354,-340.0
1965,S_569_845,0.36659229992883235,-95.0
1966,S_570_845,0.06197471592535808,-472.0
1967,S_577_845,1.0,7828.0
1968,S_580_845,0.1711823522457243,-274.0
1969,S_592_845,0.9999999992282085,3645.0
1970,S_599_845,0.10088262835672324,-380.0
1971,S_607_845,0.8737104209450813,336.0
1972,S_612_845,0.4526514819541353,-33.0
1973,S_628_845,0.6347433350523168,96.0
1974,S_629_845,0.8954031473673286,373.0
1975,S_636_845,1.0,6755.0
1976,S_637_845,0.8153518152833006,258.0
1977,S_640_845,0.9999999999999953,5733.0
1978,S_651_845,0.9999997197795164,2621.0
1979,S_658_845,0.6737761878883222,126.0
1980,S_663_845,0.9857515549835217,736.0
1981,S_666_845,0.9999005838771529,1601.0
1982,S_667_845,0.7313778578393884,174.0
1983,S_670_845,0.9520109719849302,519.0
1984,S_671_845,0.9999999974443581,3437.0
1985,S_686_845,0.009405800878121151,-809.0
1986,S_689_845,0.5770924758253291,54.0
1987,S_694_845,0.7313778578393884,174.0
1988,S_695_845,0.7936407431881689,234.0
1989,S_698_845,0.666139424583122,120.0
1990,S_701_845,0.5057562084111449,4.0
1991,S_702_845,0.037447632536444675,-564.0
1992,S_708_845,0.999999999999997,5810.0
1993,S_720_845,0.9999999478204923,2913.0
1994,S_721_845,0.9997385513284701,1433.0
1995,S_722_845,0.9869148209092586,751.0
1996,S_725_845,0.9851743717652753,729.0
1997,S_731_845,0.9999982521697925,2303.0
1998,S_737_845,0.8162168965756028,259.0
1999,S_754_845,0.5115108912177917,8.0
2000,S_765_845,0.4913661641789173,-6.0
2001,S_779_845,0.936330811469416,467.0
2002,S_780_845,0.4569335079777881,-30.0
2003,S_783_845,0.9999698013947793,1808.0
2004,S_786_845,0.999999599594692,2559.0
2005,S_790_845,0.9713339041975821,612.0
2006,S_793_845,0.9998928595497824,1588.0
2007,S_802_845,0.840723042661615,289.0
2008,S_804_845,0.7222345336491707,166.0
2009,S_810_845,0.9999993617369212,2478.0
2010,S_811_845,0.4370152718964042,-44.0
2011,S_825_845,0.9872813524037093,756.0
2012,S_829_845,0.9970405376709573,1011.0
2013,S_830_845,0.8490204427886767,300.0
2014,S_836_845,0.4313586081163323,-48.0
2015,S_842_845,0.13545299458869553,-322.0
2016,S_507_846,0.007029691439639163,-860.0
2017,S_509_846,0.03426555128482489,-580.0
2018,S_511_846,0.9999999937626517,3282.0
2019,S_512_846,0.07358755611757362,-440.0
2020,S_521_846,0.8604511617577121,316.0
2021,S_536_846,0.04371084773568401,-536.0
2022,S_538_846,0.22585202229816936,-214.0
2023,S_549_846,0.9998201452620328,1498.0
2024,S_553_846,0.22585202229816936,-214.0
2025,S_556_846,0.040018682017058826,-552.0
2026,S_559_846,0.9999999996650346,3790.0
2027,S_562_846,0.014909941389328552,-728.0
2028,S_569_846,0.058394125552999054,-483.0
2029,S_570_846,0.007029691439639163,-860.0
2030,S_577_846,1.0,7440.0
2031,S_580_846,0.021651772856434826,-662.0
2032,S_592_846,0.9999999927972225,3257.0
2033,S_599_846,0.011879817525171532,-768.0
2034,S_607_846,0.4257197963454755,-52.0
2035,S_612_846,0.08140035057929529,-421.0
2036,S_628_846,0.1569780355859638,-292.0
2037,S_629_846,0.4784266669488545,-15.0
2038,S_636_846,0.9999999999999999,6367.0
2039,S_637_846,0.32118308020524333,-130.0
2040,S_640_846,0.9999999999999566,5345.0
2041,S_651_846,0.999997384836391,2233.0
2042,S_658_846,0.18120670986568466,-262.0
2043,S_663_846,0.8811377835536982,348.0
2044,S_666_846,0.9990729627054515,1213.0
2045,S_667_846,0.22585202229816936,-214.0
2046,S_670_846,0.6800706757372215,131.0
2047,S_671_846,0.9999999761493626,3049.0
2048,S_686_846,0.0010163852761170267,-1197.0
2049,S_689_846,0.12756539636424025,-334.0
2050,S_694_846,0.22585202229816936,-214.0
2051,S_695_846,0.2918336117187994,-154.0
2052,S_698_846,0.17613847149442763,-268.0
2053,S_701_846,0.0988131708783323,-384.0
2054,S_702_846,0.004151387969270504,-952.0
2055,S_708_846,0.9999999999999721,5422.0
2056,S_720_846,0.999999513032712,2525.0
2057,S_721_846,0.9975653230509444,1045.0
2058,S_722_846,0.8898878421811328,363.0
2059,S_725_846,0.8768522650807969,341.0
2060,S_731_846,0.9999836885369758,1915.0
2061,S_737_846,0.32243941991489944,-129.0
2062,S_754_846,0.10088262835672324,-380.0
2063,S_765_846,0.09380415322649482,-394.0
2064,S_779_846,0.6117705007810643,79.0
2065,S_780_846,0.0827010277900132,-418.0
2066,S_783_846,0.9997182411173161,1420.0
2067,S_786_846,0.9999962632127098,2171.0
2068,S_790_846,0.784053683887815,224.0
2069,S_793_846,0.999000999000999,1200.0
2070,S_802_846,0.3612622508882751,-99.0
2071,S_804_846,0.21790198386868131,-222.0
2072,S_810_846,0.9999940434140459,2090.0
2073,S_811_846,0.07678931969710023,-432.0
2074,S_825_846,0.8926766600061541,368.0
2075,S_829_846,0.973045387165875,623.0
2076,S_830_846,0.37599824138233284,-88.0
2077,S_836_846,0.07517277876028838,-436.0
2078,S_842_846,0.01651085527936924,-710.0
2079,S_845_846,0.09678159570481926,-388.0
2080,S_507_849,0.0050733062941756835,-917.0
2081,S_509_849,0.02491956418672292,-637.0
2082,S_511_849,0.9999999913403569,3225.0
2083,S_512_849,0.054117436910477656,-497.0
2084,S_521_849,0.8162168965756028,259.0
2085,S_536_849,0.03187366714498652,-593.0
2086,S_538_849,0.17364644605596824,-271.0
2087,S_549_849,0.9997503155189944,1441.0
2088,S_553_849,0.17364644605596824,-271.0
2089,S_556_849,0.02915088466725846,-609.0
2090,S_559_849,0.9999999995349497,3733.0
2091,S_562_849,0.010784276414761651,-785.0
2092,S_569_849,0.042758411146536,-540.0
2093,S_570_849,0.0050733062941756835,-917.0
2094,S_577_849,1.0,7383.0
2095,S_580_849,0.015690318403647652,-719.0
2096,S_592_849,0.9999999900000001,3200.0
2097,S_599_849,0.008585297619164378,-825.0
2098,S_607_849,0.3480879601253364,-109.0
2099,S_612_849,0.05999696162997603,-478.0
2100,S_628_849,0.11826064065809261,-349.0
2101,S_629_849,0.3978419068252831,-72.0
2102,S_636_849,0.9999999999999998,6310.0
2103,S_637_849,0.2541767916495006,-187.0
2104,S_640_849,0.9999999999999397,5288.0
2105,S_651_849,0.9999963692326348,2176.0
2106,S_658_849,0.13748809600868894,-319.0
2107,S_663_849,0.8422586724704255,291.0
2108,S_666_849,0.9987134079000028,1156.0
2109,S_667_849,0.17364644605596824,-271.0
2110,S_670_849,0.6049129020079568,74.0
2111,S_671_849,0.999999966886889,2992.0
2112,S_686_849,0.0007322878946043332,-1254.0
2113,S_689_849,0.09528246971781762,-391.0
2114,S_694_849,0.17364644605596824,-271.0
2115,S_695_849,0.22888573931240253,-211.0
2116,S_698_849,0.13344335621045988,-325.0
2117,S_701_849,0.0731960860722064,-441.0
2118,S_702_849,0.0029936286991775196,-1009.0
2119,S_708_849,0.9999999999999614,5365.0
2120,S_720_849,0.9999993239174817,2468.0
2121,S_721_849,0.9966230012016889,988.0
2122,S_722_849,0.8533946221118818,306.0
2123,S_725_849,0.8368309660028947,284.0
2124,S_731_849,0.9999773540697738,1858.0
2125,S_737_849,0.25526959313496533,-186.0
2126,S_754_849,0.07477355632644822,-437.0
2127,S_765_849,0.06938566248174538,-451.0
2128,S_779_849,0.5316182978281072,22.0
2129,S_780_849,0.06097834165795568,-475.0
2130,S_783_849,0.9996088619217327,1363.0
2131,S_786_849,0.999994812026526,2114.0
2132,S_790_849,0.7233878694391705,167.0
2133,S_793_849,0.9986135715426088,1143.0
2134,S_802_849,0.28945998763016223,-156.0
2135,S_804_849,0.1671373097396205,-279.0
2136,S_810_849,0.9999917301733049,2033.0
2137,S_811_849,0.056523750654066895,-489.0
2138,S_825_849,0.8569591392644484,311.0
2139,S_829_849,0.9629651516287524,566.0
2140,S_830_849,0.3026549214101468,-145.0
2141,S_836_849,0.05530827471561295,-493.0
2142,S_842_849,0.011947581060018031,-767.0
2143,S_845_849,0.07164931798655372,-445.0
2144,S_846_849,0.418698521631085,-57.0
2145,S_507_850,0.05041214221297585,-510.0
2146,S_509_850,0.2101558202418694,-230.0
2147,S_511_850,0.9999999991682362,3632.0
2148,S_512_850,0.37330091833326795,-90.0
2149,S_521_850,0.9788306482542872,666.0
2150,S_536_850,0.25526959313496533,-186.0
2151,S_538_850,0.6863002576833125,136.0
2152,S_549_850,0.9999760122462359,1848.0
2153,S_553_850,0.6863002576833125,136.0
2154,S_556_850,0.238157890082064,-202.0
2155,S_559_850,0.9999999999553316,4140.0
2156,S_562_850,0.10193172098897374,-378.0
2157,S_569_850,0.3174296145252281,-133.0
2158,S_570_850,0.05041214221297585,-510.0
2159,S_577_850,1.0,7790.0
2160,S_580_850,0.1423366814461431,-312.0
2161,S_592_850,0.9999999990394942,3607.0
2162,S_599_850,0.0827010277900132,-418.0
2163,S_607_850,0.8475387239958501,298.0
2164,S_612_850,0.39922175410998906,-71.0
2165,S_628_850,0.5827018849642301,58.0
2166,S_629_850,0.8730738822502696,335.0
2167,S_636_850,1.0,6717.0
2168,S_637_850,0.7801296039931584,220.0
2169,S_640_850,0.9999999999999942,5695.0
2170,S_651_850,0.9999996512615374,2583.0
2171,S_658_850,0.6240017586176672,88.0
2172,S_663_850,0.9823291663359555,698.0
2173,S_666_850,0.9998762781899868,1563.0
2174,S_667_850,0.6863002576833125,136.0
2175,S_670_850,0.940969617039471,481.0
2176,S_671_850,0.9999999968194663,3399.0
2177,S_686_850,0.007571799346714592,-847.0
2178,S_689_850,0.5230095872975623,16.0
2179,S_694_850,0.6863002576833125,136.0
2180,S_695_850,0.7555188820711969,196.0
2181,S_698_850,0.615864104253756,82.0
2182,S_701_850,0.4512256641402581,-34.0
2183,S_702_850,0.030313179617691532,-602.0
2184,S_708_850,0.9999999999999963,5772.0
2185,S_720_850,0.999999935061841,2875.0
2186,S_721_850,0.999674644107411,1395.0
2187,S_722_850,0.9837672404220319,713.0
2188,S_725_850,0.981615932797755,691.0
2189,S_731_850,0.9999978248006974,2265.0
2190,S_737_850,0.7811154027299616,221.0
2191,S_754_850,0.4569335079777881,-30.0
2192,S_765_850,0.4370152718964042,-44.0
2193,S_779_850,0.9219774236826269,429.0
2194,S_780_850,0.40337082669422597,-68.0
2195,S_783_850,0.9999624176720556,1770.0
2196,S_786_850,0.9999995016897923,2521.0
2197,S_790_850,0.9645729430479154,574.0
2198,S_793_850,0.9998666656372067,1550.0
2199,S_802_850,0.809207997485838,251.0
2200,S_804_850,0.6763016694927368,128.0
2201,S_810_850,0.9999992056723962,2440.0
2202,S_811_850,0.38413589574624396,-82.0
2203,S_825_850,0.984220529722991,718.0
2204,S_829_850,0.9963195691652446,973.0
2205,S_830_850,0.8187932901343153,262.0
2206,S_836_850,0.37870327687754546,-86.0
2207,S_842_850,0.11181576977811691,-360.0
2208,S_845_850,0.44553062597832405,-38.0
2209,S_846_850,0.8823382970469414,350.0
2210,S_849_850,0.912366652205463,407.0
2211,S_507_853,0.0020969513240906013,-1071.0
2212,S_509_853,0.010421975369031333,-791.0
2213,S_511_853,0.9999999789864228,3071.0
2214,S_512_853,0.02303452269157047,-651.0
2215,S_521_853,0.6466688423256146,105.0
2216,S_536_853,0.013385892140398425,-747.0
2217,S_538_853,0.0796951193276405,-425.0
2218,S_549_853,0.9993943288593211,1287.0
2219,S_553_853,0.0796951193276405,-425.0
2220,S_556_853,0.012222474520934168,-763.0
2221,S_559_853,0.999999998871504,3579.0
2222,S_562_853,0.004472529855104268,-939.0
2223,S_569_853,0.018075000466830637,-694.0
2224,S_570_853,0.0020969513240906013,-1071.0
2225,S_577_853,1.0,7229.0
2226,S_580_853,0.006526140872508357,-873.0
2227,S_592_853,0.9999999757338996,3046.0
2228,S_599_853,0.003555927746874077,-979.0
2229,S_607_853,0.1803541855053108,-263.0
2230,S_612_853,0.025628579593138134,-632.0
2231,S_628_853,0.05237642552941246,-503.0
2232,S_629_853,0.2140033977178425,-226.0
2233,S_636_853,0.9999999999999996,6156.0
2234,S_637_853,0.12314773491920306,-341.0
2235,S_640_853,0.9999999999998538,5134.0
2236,S_651_853,0.999991189588894,2022.0
2237,S_658_853,0.06164091317884668,-473.0
2238,S_663_853,0.6875382482123418,137.0
2239,S_666_853,0.9968836625510761,1002.0
2240,S_667_853,0.0796951193276405,-425.0
2241,S_670_853,0.3868631798468569,-80.0
2242,S_671_853,0.9999999196473942,2838.0
2243,S_686_853,0.0003019039984902827,-1408.0
2244,S_689_853,0.041595729032102624,-545.0
2245,S_694_853,0.0796951193276405,-425.0
2246,S_695_853,0.10898908895423454,-365.0
2247,S_698_853,0.05967313362891358,-479.0
2248,S_701_853,0.031520312633202874,-595.0
2249,S_702_853,0.001235841994655873,-1163.0
2250,S_708_853,0.9999999999999062,5211.0
2251,S_720_853,0.9999983594129184,2314.0
2252,S_721_853,0.9918446304274159,834.0
2253,S_722_853,0.7057813597120025,152.0
2254,S_725_853,0.6788169197947567,130.0
2255,S_731_853,0.9999450489324,1704.0
2256,S_737_853,0.1237706810689354,-340.0
2257,S_754_853,0.03223085106388679,-591.0
2258,S_765_853,0.02980965490532017,-605.0
2259,S_779_853,0.31867816483360634,-132.0
2260,S_780_853,0.026063377637923768,-629.0
2261,S_783_853,0.9990513897166957,1209.0
2262,S_786_853,0.9999874109043694,1960.0
2263,S_790_853,0.5186997779295586,13.0
2264,S_793_853,0.9966423198407088,989.0
2265,S_802_853,0.14374793990184942,-310.0
2266,S_804_853,0.07638222129184613,-433.0
2267,S_810_853,0.9999799325918087,1879.0
2268,S_811_853,0.02409395030353212,-643.0
2269,S_825_853,0.7117225243427553,157.0
2270,S_829_853,0.9146407579005127,412.0
2271,S_830_853,0.1517189312872882,-299.0
2272,S_836_853,0.023558425543459993,-647.0
2273,S_842_853,0.004958396352233607,-921.0
2274,S_845_853,0.03082493930431429,-599.0
2275,S_846_853,0.22888573931240253,-211.0
2276,S_849_853,0.2918336117187994,-154.0
2277,S_850_853,0.038075109632224824,-561.0
